dataset,stratum_type,stratum,selector,coverage_prompt_count,top1_rate,mean_selected_error,median_selected_error,mean_improvement_vs_persistence,positive_improvement_rate,direction_match_rate
train_all_batches,category,Politics,gemma_recommended,185,0.4864864864864865,0.13692918918918914,0.1011999999999999,-0.010016216216216216,0.3081081081081081,0.31351351351351353
train_all_batches,category,Companies,gemma_recommended,29,0.4482758620689655,0.16727931034482754,0.0962,-0.0030896551724137753,0.20689655172413793,0.20689655172413793
train_all_batches,category,Elections,gemma_recommended,19,0.6842105263157895,0.1354052631578947,0.1119,0.0020947368421052677,0.3684210526315789,0.3684210526315789
train_all_batches,category,Economics,gemma_recommended,48,0.4375,0.09939791666666663,0.08124999999999995,-0.004987500000000007,0.3958333333333333,0.3958333333333333
train_all_batches,category,Science and Technology,gemma_recommended,3,1.0,0.06646666666666663,0.0463,0.0016666666666666334,0.3333333333333333,0.3333333333333333
train_all_batches,market_direction,up,gemma_recommended,124,0.6129032258064516,0.12894919354838708,0.08365,0.011326612903225789,0.5645161290322581,0.5645161290322581
train_all_batches,market_direction,down,gemma_recommended,160,0.4,0.13585312499999996,0.10675000000000001,-0.022135624999999985,0.125,0.13125
train_all_batches,market_move_bin,large,gemma_recommended,72,0.4722222222222222,0.2516222222222222,0.2145,0.003709722222222227,0.375,0.375
train_all_batches,market_move_bin,medium,gemma_recommended,184,0.4673913043478261,0.09944402173913039,0.08725,-0.013248913043478264,0.29347826086956524,0.29891304347826086
train_all_batches,market_move_bin,small,gemma_recommended,28,0.7142857142857143,0.04684642857142853,0.049,0.001196428571428575,0.32142857142857145,0.32142857142857145
train_all_batches,valid_candidate_count,3,gemma_recommended,17,0.47058823529411764,0.15598823529411762,0.1231999999999999,-0.0006705882352941305,0.5294117647058824,0.5294117647058824
train_all_batches,valid_candidate_count,4,gemma_recommended,32,0.375,0.15062499999999995,0.09695000000000001,-0.012606250000000006,0.375,0.375
train_all_batches,valid_candidate_count,5,gemma_recommended,224,0.49107142857142855,0.13066517857142854,0.0989,-0.007794196428571426,0.29017857142857145,0.29464285714285715
train_all_batches,valid_candidate_count,2,gemma_recommended,7,0.8571428571428571,0.07304285714285715,0.0494,0.02269999999999997,0.5714285714285714,0.5714285714285714
train_all_batches,valid_candidate_count,1,gemma_recommended,4,1.0,0.11852499999999995,0.1164499999999999,-0.03384999999999995,0.0,0.0
train_all_batches,selected_explanation_class,source_credibility,gemma_recommended,148,0.4391891891891892,0.1443351351351351,0.10485,-0.014845270270270267,0.3581081081081081,0.36486486486486486
train_all_batches,selected_explanation_class,base_rate_calibration,gemma_recommended,84,0.42857142857142855,0.13062261904761902,0.10114999999999999,-0.005278571428571421,0.4166666666666667,0.4166666666666667
train_all_batches,selected_explanation_class,resolution_rule,gemma_recommended,29,0.41379310344827586,0.1157758620689655,0.0964999999999999,-0.004044827586206919,0.4482758620689655,0.4482758620689655
train_all_batches,selected_explanation_class,causal_chain,gemma_recommended,92,0.42391304347826086,0.1341815217391304,0.10485,-0.02112173913043479,0.43478260869565216,0.44565217391304346
train_all_batches,selected_explanation_class,direct_resolution,gemma_recommended,54,0.3148148148148148,0.15475370370370364,0.12419999999999999,-0.009407407407407406,0.46296296296296297,0.46296296296296297
train_all_batches,selected_explanation_class,trend_continuation,gemma_recommended,28,0.39285714285714285,0.15169642857142857,0.09584999999999995,0.004146428571428576,0.5,0.5
train_all_batches,selected_explanation_class,overreaction_correction,gemma_recommended,7,0.2857142857142857,0.22991428571428568,0.1229,-0.09025714285714284,0.2857142857142857,0.2857142857142857
train_all_batches,selected_explanation_class,evidence_irrelevance,gemma_recommended,87,0.6781609195402298,0.11827931034482757,0.0882,-0.0001988505747126425,0.022988505747126436,0.022988505747126436
train_all_batches,selected_explanation_class,market_microstructure,gemma_recommended,6,0.5,0.06971666666666666,0.058350000000000055,0.008549999999999934,0.6666666666666666,0.6666666666666666
train_all_batches,category,Politics,first_candidate,198,0.494949494949495,0.1373333333333333,0.10369999999999994,-0.010024242424242427,0.3484848484848485,0.35353535353535354
train_all_batches,category,Companies,first_candidate,30,0.5333333333333333,0.17965666666666666,0.10305,-0.0009233333333333164,0.3333333333333333,0.3333333333333333
train_all_batches,category,Elections,first_candidate,19,0.7368421052631579,0.13435263157894733,0.1119,0.003147368421052638,0.42105263157894735,0.42105263157894735
train_all_batches,category,Economics,first_candidate,50,0.4,0.09912999999999997,0.09089999999999995,-0.0063360000000000005,0.4,0.4
train_all_batches,category,Science and Technology,first_candidate,3,1.0,0.06646666666666663,0.0463,0.0016666666666666334,0.3333333333333333,0.3333333333333333
train_all_batches,market_direction,up,first_candidate,134,0.6417910447761194,0.13543880597014923,0.08579999999999999,0.00855223880597013,0.6268656716417911,0.6268656716417911
train_all_batches,market_direction,down,first_candidate,166,0.39156626506024095,0.1333825301204819,0.11015,-0.02054518072289155,0.14457831325301204,0.15060240963855423
train_all_batches,market_move_bin,large,first_candidate,76,0.5,0.25880526315789476,0.21015,0.0023618421052631644,0.42105263157894735,0.42105263157894735
train_all_batches,market_move_bin,medium,first_candidate,195,0.47692307692307695,0.09878512820512818,0.0876,-0.012723589743589746,0.3333333333333333,0.3384615384615385
train_all_batches,market_move_bin,small,first_candidate,29,0.6896551724137931,0.046827586206896525,0.0476999999999999,0.0012793103448275902,0.3793103448275862,0.3793103448275862
train_all_batches,valid_candidate_count,3,first_candidate,17,0.47058823529411764,0.15510588235294115,0.1231999999999999,0.00021176470588234636,0.5294117647058824,0.5294117647058824
train_all_batches,valid_candidate_count,4,first_candidate,40,0.45,0.16106999999999996,0.09445,-0.011725000000000008,0.375,0.375
train_all_batches,valid_candidate_count,5,first_candidate,224,0.48660714285714285,0.13013749999999996,0.10045,-0.007266517857142855,0.3392857142857143,0.34375
train_all_batches,valid_candidate_count,2,first_candidate,11,0.7272727272727273,0.12032727272727271,0.0899,-0.020745454545454574,0.45454545454545453,0.45454545454545453
train_all_batches,valid_candidate_count,1,first_candidate,8,1.0,0.09203749999999997,0.07619999999999996,0.0071000000000000126,0.375,0.375
train_all_batches,selected_explanation_class,source_credibility,first_candidate,177,0.4350282485875706,0.14305310734463275,0.1048,-0.0120819209039548,0.3898305084745763,0.3954802259887006
train_all_batches,selected_explanation_class,base_rate_calibration,first_candidate,98,0.4489795918367347,0.13617959183673467,0.0989,-0.008722448979591832,0.42857142857142855,0.42857142857142855
train_all_batches,selected_explanation_class,resolution_rule,first_candidate,33,0.36363636363636365,0.12046060606060603,0.1047,-0.0036575757575757787,0.42424242424242425,0.42424242424242425
train_all_batches,selected_explanation_class,causal_chain,first_candidate,109,0.4036697247706422,0.1314174311926605,0.0989,-0.017435779816513765,0.44036697247706424,0.44954128440366975
train_all_batches,selected_explanation_class,direct_resolution,first_candidate,58,0.27586206896551724,0.15566724137931032,0.12185,-0.017065517241379315,0.46551724137931033,0.46551724137931033
train_all_batches,selected_explanation_class,trend_continuation,first_candidate,36,0.3333333333333333,0.15689166666666662,0.1109,0.00323611111111111,0.4722222222222222,0.4722222222222222
train_all_batches,selected_explanation_class,overreaction_correction,first_candidate,8,0.25,0.21491249999999995,0.1164,-0.07988749999999997,0.25,0.25
train_all_batches,selected_explanation_class,evidence_irrelevance,first_candidate,69,0.8985507246376812,0.12910000000000002,0.0882,0.000410144927536232,0.057971014492753624,0.057971014492753624
train_all_batches,selected_explanation_class,market_microstructure,first_candidate,8,0.5,0.083425,0.08420000000000005,0.00623749999999995,0.625,0.625
train_all_batches,category,Politics,max_confidence,198,0.5252525252525253,0.13159747474747469,0.09870000000000001,-0.004288383838383843,0.2676767676767677,0.2727272727272727
train_all_batches,category,Companies,max_confidence,30,0.4,0.18493666666666667,0.09939999999999999,-0.0062033333333333125,0.06666666666666667,0.06666666666666667
train_all_batches,category,Elections,max_confidence,19,0.5789473684210527,0.1437631578947368,0.1426,-0.006263157894736832,0.2631578947368421,0.2631578947368421
train_all_batches,category,Economics,max_confidence,50,0.5,0.09383399999999996,0.07835,-0.0010400000000000125,0.32,0.32
train_all_batches,category,Science and Technology,max_confidence,3,0.6666666666666666,0.06813333333333327,0.0463,0.0,0.0,0.0
train_all_batches,market_direction,up,max_confidence,134,0.5671641791044776,0.13561865671641787,0.08569999999999994,0.00837238805970148,0.43283582089552236,0.43283582089552236
train_all_batches,market_direction,down,max_confidence,166,0.46987951807228917,0.12686204819277105,0.10454999999999995,-0.014024698795180719,0.10843373493975904,0.1144578313253012
train_all_batches,market_move_bin,large,max_confidence,76,0.5131578947368421,0.2546565789473684,0.21015,0.006510526315789476,0.27631578947368424,0.27631578947368424
train_all_batches,market_move_bin,medium,max_confidence,195,0.5025641025641026,0.09497025641025639,0.0819,-0.008908717948717953,0.24615384615384617,0.2512820512820513
train_all_batches,market_move_bin,small,max_confidence,29,0.5862068965517241,0.04685862068965514,0.0486,0.0012482758620689623,0.2413793103448276,0.2413793103448276
train_all_batches,valid_candidate_count,3,max_confidence,17,0.47058823529411764,0.14743529411764705,0.1031999999999999,0.007882352941176465,0.5294117647058824,0.5294117647058824
train_all_batches,valid_candidate_count,4,max_confidence,40,0.45,0.15355499999999997,0.09095000000000004,-0.004210000000000013,0.3,0.3
train_all_batches,valid_candidate_count,5,max_confidence,224,0.48660714285714285,0.12818080357142853,0.09734999999999999,-0.0053098214285714285,0.20982142857142858,0.21428571428571427
train_all_batches,valid_candidate_count,2,max_confidence,11,1.0,0.10314545454545451,0.0602,-0.003563636363636384,0.45454545454545453,0.45454545454545453
train_all_batches,valid_candidate_count,1,max_confidence,8,1.0,0.09203749999999997,0.07619999999999996,0.0071000000000000126,0.375,0.375
train_all_batches,selected_explanation_class,source_credibility,max_confidence,122,0.5081967213114754,0.13878688524590163,0.1039499999999999,-0.010317213114754099,0.39344262295081966,0.4016393442622951
train_all_batches,selected_explanation_class,base_rate_calibration,max_confidence,67,0.4925373134328358,0.13296268656716417,0.0985,-0.0070582089552238755,0.3582089552238806,0.3582089552238806
train_all_batches,selected_explanation_class,resolution_rule,max_confidence,22,0.4090909090909091,0.11716818181818178,0.09554999999999991,0.004699999999999982,0.4090909090909091,0.4090909090909091
train_all_batches,selected_explanation_class,causal_chain,max_confidence,72,0.5138888888888888,0.12955555555555553,0.1062,-0.01983611111111112,0.4583333333333333,0.4722222222222222
train_all_batches,selected_explanation_class,direct_resolution,max_confidence,44,0.4090909090909091,0.153375,0.10504999999999995,-0.0058704545454545615,0.5454545454545454,0.5454545454545454
train_all_batches,selected_explanation_class,trend_continuation,max_confidence,18,0.5,0.13604444444444444,0.08894999999999995,0.008577777777777783,0.5555555555555556,0.5555555555555556
train_all_batches,selected_explanation_class,overreaction_correction,max_confidence,4,0.5,0.10389999999999995,0.08505,-0.028450000000000024,0.5,0.5
train_all_batches,selected_explanation_class,evidence_irrelevance,max_confidence,150,0.5533333333333333,0.12893466666666664,0.09029999999999995,0.0003919999999999994,0.02666666666666667,0.02666666666666667
train_all_batches,selected_explanation_class,market_microstructure,max_confidence,7,0.42857142857142855,0.0732285714285714,0.0616000000000001,0.006857142857142814,0.5714285714285714,0.5714285714285714
train_all_batches,category,Politics,max_posterior,198,0.5909090909090909,0.1356590909090909,0.09944999999999996,-0.008350000000000002,0.3333333333333333,0.3383838383838384
train_all_batches,category,Companies,max_posterior,30,0.6333333333333333,0.18211666666666665,0.1032,-0.0033833333333333233,0.3333333333333333,0.3333333333333333
train_all_batches,category,Elections,max_posterior,19,0.6842105263157895,0.1289052631578947,0.0818999999999999,0.008594736842105275,0.42105263157894735,0.42105263157894735
train_all_batches,category,Economics,max_posterior,50,0.52,0.10087999999999996,0.08599999999999995,-0.008086,0.38,0.38
train_all_batches,category,Science and Technology,max_posterior,3,1.0,0.06646666666666663,0.0463,0.0016666666666666334,0.3333333333333333,0.3333333333333333
train_all_batches,market_direction,up,max_posterior,134,0.9850746268656716,0.12059999999999997,0.0778999999999999,0.02339104477611938,0.7313432835820896,0.7313432835820896
train_all_batches,market_direction,down,max_posterior,166,0.27710843373493976,0.14371204819277106,0.1139,-0.030874698795180698,0.03614457831325301,0.04216867469879518
train_all_batches,market_move_bin,large,max_posterior,76,0.631578947368421,0.25325131578947363,0.2159,0.007915789473684215,0.40789473684210525,0.40789473684210525
train_all_batches,market_move_bin,medium,max_posterior,195,0.5538461538461539,0.09950666666666665,0.0876,-0.013445128205128207,0.3230769230769231,0.3282051282051282
train_all_batches,market_move_bin,small,max_posterior,29,0.7586206896551724,0.04709310344827584,0.0476999999999999,0.001013793103448279,0.3448275862068966,0.3448275862068966
train_all_batches,valid_candidate_count,3,max_posterior,17,0.35294117647058826,0.16037647058823526,0.1231999999999999,-0.005058823529411753,0.5294117647058824,0.5294117647058824
train_all_batches,valid_candidate_count,4,max_posterior,40,0.55,0.16258249999999996,0.09215,-0.013237500000000003,0.425,0.425
train_all_batches,valid_candidate_count,5,max_posterior,224,0.5892857142857143,0.12873660714285712,0.09869999999999995,-0.005865624999999999,0.3125,0.3169642857142857
train_all_batches,valid_candidate_count,2,max_posterior,11,0.9090909090909091,0.1103272727272727,0.0602,-0.010745454545454567,0.45454545454545453,0.45454545454545453
train_all_batches,valid_candidate_count,1,max_posterior,8,1.0,0.09203749999999997,0.07619999999999996,0.0071000000000000126,0.375,0.375
train_all_batches,selected_explanation_class,source_credibility,max_posterior,162,0.5185185185185185,0.14186049382716046,0.1042,-0.0123395061728395,0.3765432098765432,0.38271604938271603
train_all_batches,selected_explanation_class,base_rate_calibration,max_posterior,98,0.5408163265306123,0.13513367346938773,0.09869999999999995,-0.007184693877551014,0.42857142857142855,0.42857142857142855
train_all_batches,selected_explanation_class,resolution_rule,max_posterior,26,0.5384615384615384,0.11484230769230766,0.10439999999999995,-0.0030423076923077152,0.4230769230769231,0.4230769230769231
train_all_batches,selected_explanation_class,causal_chain,max_posterior,110,0.4909090909090909,0.12767363636363632,0.1042,-0.01484454545454546,0.43636363636363634,0.44545454545454544
train_all_batches,selected_explanation_class,direct_resolution,max_posterior,49,0.4489795918367347,0.15104693877551018,0.1057,-0.01999795918367346,0.46938775510204084,0.46938775510204084
train_all_batches,selected_explanation_class,trend_continuation,max_posterior,33,0.6060606060606061,0.14612424242424238,0.0931999999999999,0.009151515151515141,0.6060606060606061,0.6060606060606061
train_all_batches,selected_explanation_class,overreaction_correction,max_posterior,8,0.5,0.23132499999999998,0.16534999999999994,-0.0482875,0.5,0.5
train_all_batches,selected_explanation_class,evidence_irrelevance,max_posterior,77,0.8441558441558441,0.1257974025974026,0.0882,0.0006675324675324675,0.03896103896103896,0.03896103896103896
train_all_batches,selected_explanation_class,market_microstructure,max_posterior,8,0.625,0.1506875,0.10935,0.009099999999999973,0.5,0.5
train_all_batches,category,Politics,min_posterior,198,0.6666666666666666,0.13098535353535348,0.09665,-0.003676262626262631,0.3181818181818182,0.3282828282828283
train_all_batches,category,Companies,min_posterior,30,0.6333333333333333,0.1803233333333333,0.0929,-0.0015899999999999831,0.3,0.3
train_all_batches,category,Elections,min_posterior,19,0.5263157894736842,0.14726315789473676,0.1528999999999999,-0.009763157894736831,0.2631578947368421,0.2631578947368421
train_all_batches,category,Economics,min_posterior,50,0.68,0.08590599999999997,0.0754,0.0068879999999999905,0.36,0.36
train_all_batches,category,Science and Technology,min_posterior,3,0.6666666666666666,0.06813333333333327,0.0463,0.0,0.0,0.0
train_all_batches,market_direction,up,min_posterior,134,0.26119402985074625,0.15980746268656712,0.1021999999999999,-0.01581641791044775,0.19402985074626866,0.19402985074626866
train_all_batches,market_direction,down,min_posterior,166,0.9759036144578314,0.10378493975903613,0.0799999999999999,0.009052409638554205,0.41566265060240964,0.42771084337349397
train_all_batches,market_move_bin,large,min_posterior,76,0.5526315789473685,0.26544868421052625,0.21584999999999993,-0.004281578947368421,0.3026315789473684,0.3026315789473684
train_all_batches,market_move_bin,medium,min_posterior,195,0.676923076923077,0.08808615384615381,0.0778,-0.002024615384615388,0.31794871794871793,0.3282051282051282
train_all_batches,market_move_bin,small,min_posterior,29,0.7931034482758621,0.04453793103448272,0.0476999999999999,0.0035689655172413725,0.3448275862068966,0.3448275862068966
train_all_batches,valid_candidate_count,3,min_posterior,17,0.5882352941176471,0.1538941176470588,0.1031999999999999,0.0014235294117647059,0.5882352941176471,0.5882352941176471
train_all_batches,valid_candidate_count,4,min_posterior,40,0.6,0.13888749999999997,0.07355,0.010457499999999995,0.425,0.425
train_all_batches,valid_candidate_count,5,min_posterior,224,0.6651785714285714,0.12689687499999996,0.08979999999999999,-0.004025892857142858,0.26785714285714285,0.2767857142857143
train_all_batches,valid_candidate_count,2,min_posterior,11,0.5454545454545454,0.11905454545454547,0.0899,-0.01947272727272731,0.45454545454545453,0.45454545454545453
train_all_batches,valid_candidate_count,1,min_posterior,8,1.0,0.09203749999999997,0.07619999999999996,0.0071000000000000126,0.375,0.375
train_all_batches,selected_explanation_class,source_credibility,min_posterior,133,0.6240601503759399,0.13357142857142854,0.0848,-0.004148120300751885,0.47368421052631576,0.48120300751879697
train_all_batches,selected_explanation_class,base_rate_calibration,min_posterior,90,0.6111111111111112,0.14423555555555553,0.10250000000000001,-0.0021622222222222186,0.4111111111111111,0.4111111111111111
train_all_batches,selected_explanation_class,resolution_rule,min_posterior,19,0.6842105263157895,0.10566315789473679,0.07,0.016884210526315783,0.5263157894736842,0.5263157894736842
train_all_batches,selected_explanation_class,causal_chain,min_posterior,84,0.5476190476190477,0.13386309523809517,0.0948,-0.007672619047619063,0.5476190476190477,0.5595238095238095
train_all_batches,selected_explanation_class,direct_resolution,min_posterior,22,0.6363636363636364,0.09847272727272725,0.06549999999999995,0.007381818181818157,0.6818181818181818,0.6818181818181818
train_all_batches,selected_explanation_class,trend_continuation,min_posterior,22,0.4090909090909091,0.16830909090909085,0.12039999999999995,-0.009800000000000001,0.45454545454545453,0.45454545454545453
train_all_batches,selected_explanation_class,overreaction_correction,min_posterior,10,0.4,0.21665999999999994,0.1030999999999999,-0.03388999999999997,0.5,0.5
train_all_batches,selected_explanation_class,underreaction_correction,min_posterior,2,0.5,0.12509999999999993,0.12509999999999993,-0.01054999999999995,0.5,1.0
train_all_batches,selected_explanation_class,evidence_irrelevance,min_posterior,131,0.7862595419847328,0.12188396946564882,0.086,0.00028702290076335806,0.06870229007633588,0.06870229007633588
train_all_batches,selected_explanation_class,market_microstructure,min_posterior,7,0.7142857142857143,0.06792857142857138,0.0599999999999999,0.006742857142857114,0.7142857142857143,0.7142857142857143
train_all_batches,category,Politics,max_abs_update,198,0.601010101010101,0.13690909090909087,0.09770000000000001,-0.009600000000000001,0.36363636363636365,0.37373737373737376
train_all_batches,category,Companies,max_abs_update,30,0.6,0.18248999999999999,0.1079,-0.00375666666666665,0.3333333333333333,0.3333333333333333
train_all_batches,category,Elections,max_abs_update,19,0.631578947368421,0.1362210526315789,0.1119,0.001278947368421064,0.42105263157894735,0.42105263157894735
train_all_batches,category,Economics,max_abs_update,50,0.66,0.09491999999999995,0.07564999999999994,-0.0021260000000000055,0.5,0.5
train_all_batches,category,Science and Technology,max_abs_update,3,1.0,0.06646666666666663,0.0463,0.0016666666666666334,0.3333333333333333,0.3333333333333333
train_all_batches,market_direction,up,max_abs_update,134,0.8208955223880597,0.13530074626865668,0.08365,0.008690298507462672,0.6194029850746269,0.6194029850746269
train_all_batches,market_direction,down,max_abs_update,166,0.45180722891566266,0.1324457831325301,0.10675000000000001,-0.019608433734939746,0.19879518072289157,0.21084337349397592
train_all_batches,market_move_bin,large,max_abs_update,76,0.618421052631579,0.25844868421052625,0.21189999999999998,0.0027184210526315818,0.4342105263157895,0.4342105263157895
train_all_batches,market_move_bin,medium,max_abs_update,195,0.5794871794871795,0.09842512820512818,0.0837,-0.012363589743589743,0.3641025641025641,0.37435897435897436
train_all_batches,market_move_bin,small,max_abs_update,29,0.8620689655172413,0.04418275862068962,0.0472,0.003924137931034482,0.41379310344827586,0.41379310344827586
train_all_batches,valid_candidate_count,3,max_abs_update,17,0.5294117647058824,0.15728235294117643,0.103,-0.0019647058823529296,0.5882352941176471,0.5882352941176471
train_all_batches,valid_candidate_count,4,max_abs_update,40,0.575,0.15772999999999998,0.09215,-0.008385,0.425,0.425
train_all_batches,valid_candidate_count,5,max_abs_update,224,0.6026785714285714,0.13028303571428568,0.09770000000000001,-0.00741205357142857,0.36160714285714285,0.3705357142857143
train_all_batches,valid_candidate_count,2,max_abs_update,11,0.9090909090909091,0.1103272727272727,0.0602,-0.010745454545454567,0.45454545454545453,0.45454545454545453
train_all_batches,valid_candidate_count,1,max_abs_update,8,1.0,0.09203749999999997,0.07619999999999996,0.0071000000000000126,0.375,0.375
train_all_batches,selected_explanation_class,source_credibility,max_abs_update,171,0.543859649122807,0.1426070175438596,0.103,-0.011405847953216365,0.40350877192982454,0.4093567251461988
train_all_batches,selected_explanation_class,base_rate_calibration,max_abs_update,101,0.5544554455445545,0.13932376237623761,0.1,-0.007886138613861378,0.43564356435643564,0.43564356435643564
train_all_batches,selected_explanation_class,resolution_rule,max_abs_update,25,0.6,0.10825599999999998,0.0724,0.003851999999999978,0.52,0.52
train_all_batches,selected_explanation_class,causal_chain,max_abs_update,113,0.5221238938053098,0.13293362831858405,0.1036,-0.01671769911504425,0.46017699115044247,0.4690265486725664
train_all_batches,selected_explanation_class,direct_resolution,max_abs_update,51,0.5098039215686274,0.13595882352941172,0.0899999999999999,-0.00978039215686274,0.5294117647058824,0.5294117647058824
train_all_batches,selected_explanation_class,trend_continuation,max_abs_update,37,0.43243243243243246,0.15057297297297295,0.0942999999999999,-0.0030081081081081078,0.4594594594594595,0.4594594594594595
train_all_batches,selected_explanation_class,overreaction_correction,max_abs_update,10,0.5,0.26738999999999996,0.16534999999999994,-0.06061,0.5,0.5
train_all_batches,selected_explanation_class,underreaction_correction,max_abs_update,1,0.0,0.1619,0.1619,-0.0237999999999999,0.0,1.0
train_all_batches,selected_explanation_class,evidence_irrelevance,max_abs_update,67,0.9552238805970149,0.12190149253731344,0.0842,0.0013820895522388044,0.08955223880597014,0.08955223880597014
train_all_batches,selected_explanation_class,market_microstructure,max_abs_update,9,0.6666666666666666,0.14006666666666667,0.1068,0.00995555555555552,0.5555555555555556,0.5555555555555556
train_all_batches,category,Politics,min_abs_update,198,0.494949494949495,0.13050505050505046,0.09805,-0.0031959595959595967,0.18181818181818182,0.18686868686868688
train_all_batches,category,Companies,min_abs_update,30,0.4,0.18134333333333333,0.09455000000000005,-0.002609999999999987,0.06666666666666667,0.06666666666666667
train_all_batches,category,Elections,min_abs_update,19,0.42105263157894735,0.14076842105263151,0.14,-0.0032684210526315784,0.15789473684210525,0.15789473684210525
train_all_batches,category,Economics,min_abs_update,50,0.44,0.09027999999999997,0.07709999999999995,0.002513999999999992,0.22,0.22
train_all_batches,category,Science and Technology,min_abs_update,3,0.6666666666666666,0.06813333333333327,0.0463,0.0,0.0,0.0
train_all_batches,market_direction,up,min_abs_update,134,0.3208955223880597,0.1437574626865671,0.0969,0.0002335820895522309,0.2835820895522388,0.2835820895522388
train_all_batches,market_direction,down,min_abs_update,166,0.5963855421686747,0.11692650602409636,0.09114999999999995,-0.004089156626506019,0.08433734939759036,0.09036144578313253
train_all_batches,market_move_bin,large,min_abs_update,76,0.3815789473684211,0.26025657894736837,0.21155000000000002,0.0009105263157894684,0.17105263157894737,0.17105263157894737
train_all_batches,market_move_bin,medium,min_abs_update,195,0.48717948717948717,0.089831282051282,0.0812,-0.003769743589743587,0.1641025641025641,0.16923076923076924
train_all_batches,market_move_bin,small,min_abs_update,29,0.6206896551724138,0.04747241379310342,0.0486,0.0006344827586206862,0.2413793103448276,0.2413793103448276
train_all_batches,valid_candidate_count,3,min_abs_update,17,0.29411764705882354,0.15728235294117643,0.1082,-0.001964705882352947,0.5882352941176471,0.5882352941176471
train_all_batches,valid_candidate_count,4,min_abs_update,40,0.35,0.14983,0.08234999999999995,-0.0004850000000000028,0.275,0.275
train_all_batches,valid_candidate_count,5,min_abs_update,224,0.48660714285714285,0.12482321428571423,0.09239999999999995,-0.001952232142857141,0.10267857142857142,0.10714285714285714
train_all_batches,valid_candidate_count,2,min_abs_update,11,0.5454545454545454,0.11905454545454547,0.0899,-0.01947272727272731,0.45454545454545453,0.45454545454545453
train_all_batches,valid_candidate_count,1,min_abs_update,8,1.0,0.09203749999999997,0.07619999999999996,0.0071000000000000126,0.375,0.375
train_all_batches,selected_explanation_class,source_credibility,min_abs_update,93,0.46236559139784944,0.13843010752688167,0.0948,-0.006826881720430105,0.3333333333333333,0.34408602150537637
train_all_batches,selected_explanation_class,base_rate_calibration,min_abs_update,68,0.4411764705882353,0.13428088235294114,0.09659999999999999,-0.0016249999999999969,0.3235294117647059,0.3235294117647059
train_all_batches,selected_explanation_class,resolution_rule,min_abs_update,13,0.6153846153846154,0.0927230769230769,0.07,0.020584615384615375,0.46153846153846156,0.46153846153846156
train_all_batches,selected_explanation_class,causal_chain,min_abs_update,56,0.32142857142857145,0.12708571428571425,0.09855,-0.009800000000000014,0.5178571428571429,0.5357142857142857
train_all_batches,selected_explanation_class,direct_resolution,min_abs_update,13,0.3076923076923077,0.15118461538461536,0.13,-0.03125384615384616,0.38461538461538464,0.38461538461538464
train_all_batches,selected_explanation_class,trend_continuation,min_abs_update,11,0.36363636363636365,0.16440909090909087,0.0985,0.0014454545454545547,0.45454545454545453,0.45454545454545453
train_all_batches,selected_explanation_class,overreaction_correction,min_abs_update,4,0.25,0.10667499999999995,0.07069999999999994,-0.015825000000000023,0.75,0.75
train_all_batches,selected_explanation_class,evidence_irrelevance,min_abs_update,194,0.5154639175257731,0.1283458762886598,0.09290000000000004,-0.0004515463917525762,0.010309278350515464,0.010309278350515464
train_all_batches,selected_explanation_class,market_microstructure,min_abs_update,4,0.5,0.10132499999999998,0.08339999999999995,0.005324999999999975,0.75,0.75
train_all_batches,category,Politics,max_positive_update,198,0.5909090909090909,0.1356590909090909,0.09944999999999996,-0.008350000000000002,0.3333333333333333,0.3383838383838384
train_all_batches,category,Companies,max_positive_update,30,0.6333333333333333,0.18211666666666665,0.1032,-0.0033833333333333233,0.3333333333333333,0.3333333333333333
train_all_batches,category,Elections,max_positive_update,19,0.6842105263157895,0.1289052631578947,0.0818999999999999,0.008594736842105275,0.42105263157894735,0.42105263157894735
train_all_batches,category,Economics,max_positive_update,50,0.52,0.10087999999999996,0.08599999999999995,-0.008086,0.38,0.38
train_all_batches,category,Science and Technology,max_positive_update,3,1.0,0.06646666666666663,0.0463,0.0016666666666666334,0.3333333333333333,0.3333333333333333
train_all_batches,market_direction,up,max_positive_update,134,0.9850746268656716,0.12059999999999997,0.0778999999999999,0.02339104477611938,0.7313432835820896,0.7313432835820896
train_all_batches,market_direction,down,max_positive_update,166,0.27710843373493976,0.14371204819277106,0.1139,-0.030874698795180698,0.03614457831325301,0.04216867469879518
train_all_batches,market_move_bin,large,max_positive_update,76,0.631578947368421,0.25325131578947363,0.2159,0.007915789473684215,0.40789473684210525,0.40789473684210525
train_all_batches,market_move_bin,medium,max_positive_update,195,0.5538461538461539,0.09950666666666665,0.0876,-0.013445128205128207,0.3230769230769231,0.3282051282051282
train_all_batches,market_move_bin,small,max_positive_update,29,0.7586206896551724,0.04709310344827584,0.0476999999999999,0.001013793103448279,0.3448275862068966,0.3448275862068966
train_all_batches,valid_candidate_count,3,max_positive_update,17,0.35294117647058826,0.16037647058823526,0.1231999999999999,-0.005058823529411753,0.5294117647058824,0.5294117647058824
train_all_batches,valid_candidate_count,4,max_positive_update,40,0.55,0.16258249999999996,0.09215,-0.013237500000000003,0.425,0.425
train_all_batches,valid_candidate_count,5,max_positive_update,224,0.5892857142857143,0.12873660714285712,0.09869999999999995,-0.005865624999999999,0.3125,0.3169642857142857
train_all_batches,valid_candidate_count,2,max_positive_update,11,0.9090909090909091,0.1103272727272727,0.0602,-0.010745454545454567,0.45454545454545453,0.45454545454545453
train_all_batches,valid_candidate_count,1,max_positive_update,8,1.0,0.09203749999999997,0.07619999999999996,0.0071000000000000126,0.375,0.375
train_all_batches,selected_explanation_class,source_credibility,max_positive_update,162,0.5185185185185185,0.14186049382716046,0.1042,-0.0123395061728395,0.3765432098765432,0.38271604938271603
train_all_batches,selected_explanation_class,base_rate_calibration,max_positive_update,98,0.5408163265306123,0.13513367346938773,0.09869999999999995,-0.007184693877551014,0.42857142857142855,0.42857142857142855
train_all_batches,selected_explanation_class,resolution_rule,max_positive_update,26,0.5384615384615384,0.11484230769230766,0.10439999999999995,-0.0030423076923077152,0.4230769230769231,0.4230769230769231
train_all_batches,selected_explanation_class,causal_chain,max_positive_update,110,0.4909090909090909,0.12767363636363632,0.1042,-0.01484454545454546,0.43636363636363634,0.44545454545454544
train_all_batches,selected_explanation_class,direct_resolution,max_positive_update,49,0.4489795918367347,0.15104693877551018,0.1057,-0.01999795918367346,0.46938775510204084,0.46938775510204084
train_all_batches,selected_explanation_class,trend_continuation,max_positive_update,33,0.6060606060606061,0.14612424242424238,0.0931999999999999,0.009151515151515141,0.6060606060606061,0.6060606060606061
train_all_batches,selected_explanation_class,overreaction_correction,max_positive_update,8,0.5,0.23132499999999998,0.16534999999999994,-0.0482875,0.5,0.5
train_all_batches,selected_explanation_class,evidence_irrelevance,max_positive_update,77,0.8441558441558441,0.1257974025974026,0.0882,0.0006675324675324675,0.03896103896103896,0.03896103896103896
train_all_batches,selected_explanation_class,market_microstructure,max_positive_update,8,0.625,0.1506875,0.10935,0.009099999999999973,0.5,0.5
train_all_batches,category,Politics,max_negative_update,198,0.6666666666666666,0.13098535353535348,0.09665,-0.003676262626262631,0.3181818181818182,0.3282828282828283
train_all_batches,category,Companies,max_negative_update,30,0.6333333333333333,0.1803233333333333,0.0929,-0.0015899999999999831,0.3,0.3
train_all_batches,category,Elections,max_negative_update,19,0.5263157894736842,0.14726315789473676,0.1528999999999999,-0.009763157894736831,0.2631578947368421,0.2631578947368421
train_all_batches,category,Economics,max_negative_update,50,0.68,0.08590599999999997,0.0754,0.0068879999999999905,0.36,0.36
train_all_batches,category,Science and Technology,max_negative_update,3,0.6666666666666666,0.06813333333333327,0.0463,0.0,0.0,0.0
train_all_batches,market_direction,up,max_negative_update,134,0.26119402985074625,0.15980746268656712,0.1021999999999999,-0.01581641791044775,0.19402985074626866,0.19402985074626866
train_all_batches,market_direction,down,max_negative_update,166,0.9759036144578314,0.10378493975903613,0.0799999999999999,0.009052409638554205,0.41566265060240964,0.42771084337349397
train_all_batches,market_move_bin,large,max_negative_update,76,0.5526315789473685,0.26544868421052625,0.21584999999999993,-0.004281578947368421,0.3026315789473684,0.3026315789473684
train_all_batches,market_move_bin,medium,max_negative_update,195,0.676923076923077,0.08808615384615381,0.0778,-0.002024615384615388,0.31794871794871793,0.3282051282051282
train_all_batches,market_move_bin,small,max_negative_update,29,0.7931034482758621,0.04453793103448272,0.0476999999999999,0.0035689655172413725,0.3448275862068966,0.3448275862068966
train_all_batches,valid_candidate_count,3,max_negative_update,17,0.5882352941176471,0.1538941176470588,0.1031999999999999,0.0014235294117647059,0.5882352941176471,0.5882352941176471
train_all_batches,valid_candidate_count,4,max_negative_update,40,0.6,0.13888749999999997,0.07355,0.010457499999999995,0.425,0.425
train_all_batches,valid_candidate_count,5,max_negative_update,224,0.6651785714285714,0.12689687499999996,0.08979999999999999,-0.004025892857142858,0.26785714285714285,0.2767857142857143
train_all_batches,valid_candidate_count,2,max_negative_update,11,0.5454545454545454,0.11905454545454547,0.0899,-0.01947272727272731,0.45454545454545453,0.45454545454545453
train_all_batches,valid_candidate_count,1,max_negative_update,8,1.0,0.09203749999999997,0.07619999999999996,0.0071000000000000126,0.375,0.375
train_all_batches,selected_explanation_class,source_credibility,max_negative_update,133,0.6240601503759399,0.13357142857142854,0.0848,-0.004148120300751885,0.47368421052631576,0.48120300751879697
train_all_batches,selected_explanation_class,base_rate_calibration,max_negative_update,90,0.6111111111111112,0.14423555555555553,0.10250000000000001,-0.0021622222222222186,0.4111111111111111,0.4111111111111111
train_all_batches,selected_explanation_class,resolution_rule,max_negative_update,19,0.6842105263157895,0.10566315789473679,0.07,0.016884210526315783,0.5263157894736842,0.5263157894736842
train_all_batches,selected_explanation_class,causal_chain,max_negative_update,84,0.5476190476190477,0.13386309523809517,0.0948,-0.007672619047619063,0.5476190476190477,0.5595238095238095
train_all_batches,selected_explanation_class,direct_resolution,max_negative_update,22,0.6363636363636364,0.09847272727272725,0.06549999999999995,0.007381818181818157,0.6818181818181818,0.6818181818181818
train_all_batches,selected_explanation_class,trend_continuation,max_negative_update,22,0.4090909090909091,0.16830909090909085,0.12039999999999995,-0.009800000000000001,0.45454545454545453,0.45454545454545453
train_all_batches,selected_explanation_class,overreaction_correction,max_negative_update,10,0.4,0.21665999999999994,0.1030999999999999,-0.03388999999999997,0.5,0.5
train_all_batches,selected_explanation_class,underreaction_correction,max_negative_update,2,0.5,0.12509999999999993,0.12509999999999993,-0.01054999999999995,0.5,1.0
train_all_batches,selected_explanation_class,evidence_irrelevance,max_negative_update,131,0.7862595419847328,0.12188396946564882,0.086,0.00028702290076335806,0.06870229007633588,0.06870229007633588
train_all_batches,selected_explanation_class,market_microstructure,max_negative_update,7,0.7142857142857143,0.06792857142857138,0.0599999999999999,0.006742857142857114,0.7142857142857143,0.7142857142857143
train_all_batches,category,Politics,max_selected_evidence_count,198,0.47474747474747475,0.13738989898989898,0.10385,-0.010080808080808083,0.3686868686868687,0.37373737373737376
train_all_batches,category,Companies,max_selected_evidence_count,30,0.5666666666666667,0.17848999999999998,0.10305,0.00024333333333334702,0.36666666666666664,0.36666666666666664
train_all_batches,category,Elections,max_selected_evidence_count,19,0.6842105263157895,0.13411578947368416,0.0818999999999999,0.003384210526315806,0.42105263157894735,0.42105263157894735
train_all_batches,category,Economics,max_selected_evidence_count,50,0.44,0.09652999999999996,0.08599999999999995,-0.003736000000000002,0.44,0.44
train_all_batches,category,Science and Technology,max_selected_evidence_count,3,1.0,0.06646666666666663,0.0463,0.0016666666666666334,0.3333333333333333,0.3333333333333333
train_all_batches,market_direction,up,max_selected_evidence_count,134,0.6417910447761194,0.1358246268656716,0.08679999999999999,0.008166417910447744,0.6492537313432836,0.6492537313432836
train_all_batches,market_direction,down,max_selected_evidence_count,166,0.3795180722891566,0.13211746987951806,0.10675000000000001,-0.0192801204819277,0.1686746987951807,0.1746987951807229
train_all_batches,market_move_bin,large,max_selected_evidence_count,76,0.5131578947368421,0.25820131578947364,0.21015,0.002965789473684214,0.4605263157894737,0.4605263157894737
train_all_batches,market_move_bin,medium,max_selected_evidence_count,195,0.4717948717948718,0.09820871794871791,0.086,-0.012147179487179487,0.35384615384615387,0.358974358974359
train_all_batches,market_move_bin,small,max_selected_evidence_count,29,0.6206896551724138,0.046827586206896525,0.0476999999999999,0.0012793103448275902,0.3793103448275862,0.3793103448275862
train_all_batches,valid_candidate_count,3,max_selected_evidence_count,17,0.4117647058823529,0.15567058823529412,0.1231999999999999,-0.00035294117647058284,0.5294117647058824,0.5294117647058824
train_all_batches,valid_candidate_count,4,max_selected_evidence_count,40,0.45,0.16049749999999996,0.09445,-0.011152500000000004,0.425,0.425
train_all_batches,valid_candidate_count,5,max_selected_evidence_count,224,0.48660714285714285,0.12949017857142855,0.09784999999999999,-0.006619196428571428,0.36160714285714285,0.36607142857142855
train_all_batches,valid_candidate_count,2,max_selected_evidence_count,11,0.6363636363636364,0.12032727272727271,0.0899,-0.020745454545454574,0.45454545454545453,0.45454545454545453
train_all_batches,valid_candidate_count,1,max_selected_evidence_count,8,1.0,0.09203749999999997,0.07619999999999996,0.0071000000000000126,0.375,0.375
train_all_batches,selected_explanation_class,source_credibility,max_selected_evidence_count,176,0.4431818181818182,0.14301534090909088,0.10485,-0.011433522727272723,0.3977272727272727,0.4034090909090909
train_all_batches,selected_explanation_class,base_rate_calibration,max_selected_evidence_count,96,0.4479166666666667,0.13279791666666663,0.09459999999999995,-0.008159374999999996,0.4479166666666667,0.4479166666666667
train_all_batches,selected_explanation_class,resolution_rule,max_selected_evidence_count,33,0.3939393939393939,0.11914848484848482,0.1047,-0.004284848484848506,0.45454545454545453,0.45454545454545453
train_all_batches,selected_explanation_class,causal_chain,max_selected_evidence_count,110,0.39090909090909093,0.13226818181818176,0.1032,-0.01777454545454546,0.44545454545454544,0.45454545454545453
train_all_batches,selected_explanation_class,direct_resolution,max_selected_evidence_count,59,0.288135593220339,0.15220677966101692,0.12,-0.01563050847457627,0.4745762711864407,0.4745762711864407
train_all_batches,selected_explanation_class,trend_continuation,max_selected_evidence_count,36,0.4166666666666667,0.1499583333333333,0.1042,0.005647222222222216,0.5277777777777778,0.5277777777777778
train_all_batches,selected_explanation_class,overreaction_correction,max_selected_evidence_count,11,0.36363636363636365,0.25377272727272726,0.1229,-0.05584545454545453,0.45454545454545453,0.45454545454545453
train_all_batches,selected_explanation_class,evidence_irrelevance,max_selected_evidence_count,68,0.8382352941176471,0.12328676470588235,0.0871,0.0015676470588235278,0.10294117647058823,0.10294117647058823
train_all_batches,selected_explanation_class,market_microstructure,max_selected_evidence_count,9,0.5555555555555556,0.13405555555555554,0.0618999999999999,0.011299999999999956,0.7777777777777778,0.7777777777777778
train_all_batches,category,Politics,max_evidence_weights_count,198,0.47474747474747475,0.1375116161616161,0.10385,-0.010202525252525256,0.3686868686868687,0.37373737373737376
train_all_batches,category,Companies,max_evidence_weights_count,30,0.5666666666666667,0.17848999999999998,0.10305,0.00024333333333334702,0.36666666666666664,0.36666666666666664
train_all_batches,category,Elections,max_evidence_weights_count,19,0.6842105263157895,0.13411578947368416,0.0818999999999999,0.003384210526315806,0.42105263157894735,0.42105263157894735
train_all_batches,category,Economics,max_evidence_weights_count,50,0.44,0.09652999999999996,0.08599999999999995,-0.003736000000000002,0.44,0.44
train_all_batches,category,Science and Technology,max_evidence_weights_count,3,1.0,0.06646666666666663,0.0463,0.0016666666666666334,0.3333333333333333,0.3333333333333333
train_all_batches,market_direction,up,max_evidence_weights_count,134,0.6417910447761194,0.1358246268656716,0.08679999999999999,0.008166417910447744,0.6492537313432836,0.6492537313432836
train_all_batches,market_direction,down,max_evidence_weights_count,166,0.3795180722891566,0.13226265060240963,0.10675000000000001,-0.019425301204819265,0.1686746987951807,0.1746987951807229
train_all_batches,market_move_bin,large,max_evidence_weights_count,76,0.5131578947368421,0.25820131578947364,0.21015,0.002965789473684214,0.4605263157894737,0.4605263157894737
train_all_batches,market_move_bin,medium,max_evidence_weights_count,195,0.4666666666666667,0.09833230769230766,0.086,-0.012270769230769233,0.35384615384615387,0.358974358974359
train_all_batches,market_move_bin,small,max_evidence_weights_count,29,0.6551724137931034,0.046827586206896525,0.0476999999999999,0.0012793103448275902,0.3793103448275862,0.3793103448275862
train_all_batches,valid_candidate_count,3,max_evidence_weights_count,17,0.4117647058823529,0.15567058823529412,0.1231999999999999,-0.00035294117647058284,0.5294117647058824,0.5294117647058824
train_all_batches,valid_candidate_count,4,max_evidence_weights_count,40,0.45,0.16049749999999996,0.09445,-0.011152500000000004,0.425,0.425
train_all_batches,valid_candidate_count,5,max_evidence_weights_count,224,0.48214285714285715,0.12959776785714283,0.09784999999999999,-0.006726785714285713,0.36160714285714285,0.36607142857142855
train_all_batches,valid_candidate_count,2,max_evidence_weights_count,11,0.7272727272727273,0.12032727272727271,0.0899,-0.020745454545454574,0.45454545454545453,0.45454545454545453
train_all_batches,valid_candidate_count,1,max_evidence_weights_count,8,1.0,0.09203749999999997,0.07619999999999996,0.0071000000000000126,0.375,0.375
train_all_batches,selected_explanation_class,source_credibility,max_evidence_weights_count,176,0.4375,0.14315227272727268,0.10485,-0.01157045454545454,0.3977272727272727,0.4034090909090909
train_all_batches,selected_explanation_class,base_rate_calibration,max_evidence_weights_count,96,0.4479166666666667,0.13279791666666663,0.09459999999999995,-0.008159374999999996,0.4479166666666667,0.4479166666666667
train_all_batches,selected_explanation_class,resolution_rule,max_evidence_weights_count,33,0.3939393939393939,0.11914848484848482,0.1047,-0.004284848484848506,0.45454545454545453,0.45454545454545453
train_all_batches,selected_explanation_class,causal_chain,max_evidence_weights_count,111,0.38738738738738737,0.13169549549549545,0.1016,-0.017583783783783787,0.45045045045045046,0.4594594594594595
train_all_batches,selected_explanation_class,direct_resolution,max_evidence_weights_count,58,0.27586206896551724,0.15406206896551722,0.12185,-0.01637413793103448,0.46551724137931033,0.46551724137931033
train_all_batches,selected_explanation_class,trend_continuation,max_evidence_weights_count,36,0.4166666666666667,0.1499583333333333,0.1042,0.005647222222222216,0.5277777777777778,0.5277777777777778
train_all_batches,selected_explanation_class,overreaction_correction,max_evidence_weights_count,11,0.36363636363636365,0.25377272727272726,0.1229,-0.05584545454545453,0.45454545454545453,0.45454545454545453
train_all_batches,selected_explanation_class,evidence_irrelevance,max_evidence_weights_count,68,0.8529411764705882,0.12328676470588235,0.0871,0.0015676470588235278,0.10294117647058823,0.10294117647058823
train_all_batches,selected_explanation_class,market_microstructure,max_evidence_weights_count,9,0.5555555555555556,0.13405555555555554,0.0618999999999999,0.011299999999999956,0.7777777777777778,0.7777777777777778
train_all_batches,category,Politics,oracle_best_candidate,198,1.0,0.11105555555555552,0.0792499999999999,0.016253535353535332,0.5454545454545454,0.5505050505050505
train_all_batches,category,Companies,oracle_best_candidate,30,1.0,0.16862333333333332,0.08834999999999996,0.010109999999999989,0.6,0.6
train_all_batches,category,Elections,oracle_best_candidate,19,1.0,0.11758421052631575,0.0804,0.0199157894736842,0.5789473684210527,0.5789473684210527
train_all_batches,category,Economics,oracle_best_candidate,50,1.0,0.07418199999999996,0.06479999999999995,0.018611999999999976,0.6,0.6
train_all_batches,category,Science and Technology,oracle_best_candidate,3,1.0,0.06646666666666663,0.0463,0.0016666666666666334,0.3333333333333333,0.3333333333333333
train_all_batches,market_direction,up,oracle_best_candidate,134,1.0,0.1203791044776119,0.0778999999999999,0.023611940298507435,0.7313432835820896,0.7313432835820896
train_all_batches,market_direction,down,oracle_best_candidate,166,1.0,0.10276807228915659,0.0792499999999999,0.01006927710843372,0.42168674698795183,0.42771084337349397
train_all_batches,market_move_bin,large,oracle_best_candidate,76,1.0,0.23461315789473675,0.18839999999999996,0.026553947368421035,0.631578947368421,0.631578947368421
train_all_batches,market_move_bin,medium,oracle_best_candidate,195,1.0,0.07279435897435894,0.067,0.013267179487179464,0.5435897435897435,0.5487179487179488
train_all_batches,market_move_bin,small,oracle_best_candidate,29,1.0,0.040165517241379275,0.0417999999999999,0.00794137931034482,0.4827586206896552,0.4827586206896552
train_all_batches,valid_candidate_count,3,oracle_best_candidate,17,1.0,0.13536470588235291,0.0931999999999999,0.019952941176470566,0.7647058823529411,0.7647058823529411
train_all_batches,valid_candidate_count,4,oracle_best_candidate,40,1.0,0.12743249999999998,0.0666,0.021912499999999967,0.675,0.675
train_all_batches,valid_candidate_count,5,oracle_best_candidate,224,1.0,0.10678973214285711,0.0799999999999999,0.01608124999999998,0.5357142857142857,0.5401785714285714
train_all_batches,valid_candidate_count,2,oracle_best_candidate,11,1.0,0.10314545454545451,0.0602,-0.003563636363636384,0.45454545454545453,0.45454545454545453
train_all_batches,valid_candidate_count,1,oracle_best_candidate,8,1.0,0.09203749999999997,0.07619999999999996,0.0071000000000000126,0.375,0.375
train_all_batches,selected_explanation_class,source_credibility,oracle_best_candidate,141,1.0,0.11388936170212763,0.0757999999999999,0.020080141843971604,0.7304964539007093,0.7375886524822695
train_all_batches,selected_explanation_class,base_rate_calibration,oracle_best_candidate,93,1.0,0.11603440860215052,0.0784999999999999,0.01659999999999998,0.7311827956989247,0.7311827956989247
train_all_batches,selected_explanation_class,resolution_rule,oracle_best_candidate,24,1.0,0.07942499999999995,0.043649999999999994,0.0354083333333333,0.7083333333333334,0.7083333333333334
train_all_batches,selected_explanation_class,causal_chain,oracle_best_candidate,90,1.0,0.09506111111111105,0.0765999999999999,0.021597777777777744,0.8444444444444444,0.8555555555555555
train_all_batches,selected_explanation_class,direct_resolution,oracle_best_candidate,36,1.0,0.10514166666666663,0.06439999999999996,0.035008333333333294,0.8888888888888888,0.8888888888888888
train_all_batches,selected_explanation_class,trend_continuation,oracle_best_candidate,29,1.0,0.13871379310344822,0.0836,0.028517241379310308,0.9655172413793104,0.9655172413793104
train_all_batches,selected_explanation_class,overreaction_correction,oracle_best_candidate,7,1.0,0.17875714285714278,0.0499999999999999,0.013571428571428542,1.0,1.0
train_all_batches,selected_explanation_class,underreaction_correction,oracle_best_candidate,2,1.0,0.06319999999999995,0.06319999999999995,0.051349999999999944,1.0,1.0
train_all_batches,selected_explanation_class,evidence_irrelevance,oracle_best_candidate,110,1.0,0.11573181818181817,0.0842,0.003047272727272725,0.09090909090909091,0.09090909090909091
train_all_batches,selected_explanation_class,market_microstructure,oracle_best_candidate,8,1.0,0.13624999999999998,0.0750999999999999,0.020699999999999948,0.875,0.875
heldout_test72,category,Politics,gemma_recommended,38,0.42105263157894735,0.18922894736842102,0.1421,-0.00015263157894737043,0.39473684210526316,0.39473684210526316
heldout_test72,category,Elections,gemma_recommended,7,0.42857142857142855,0.13625714285714285,0.1475999999999999,0.07945714285714282,0.2857142857142857,0.2857142857142857
heldout_test72,category,Companies,gemma_recommended,7,0.14285714285714285,0.20479999999999995,0.1432999999999999,-0.035700000000000016,0.2857142857142857,0.2857142857142857
heldout_test72,category,Financials,gemma_recommended,1,1.0,0.0731,0.0731,0.035,1.0,1.0
heldout_test72,market_direction,down,gemma_recommended,24,0.08333333333333333,0.22009999999999996,0.17304999999999998,-0.050654166666666646,0.0,0.0
heldout_test72,market_direction,up,gemma_recommended,29,0.6551724137931034,0.15064827586206891,0.1066,0.053489655172413775,0.6896551724137931,0.6896551724137931
heldout_test72,market_move_bin,large,gemma_recommended,26,0.5384615384615384,0.2584230769230769,0.24694999999999995,0.03642692307692305,0.5,0.5
heldout_test72,market_move_bin,medium,gemma_recommended,24,0.25,0.11690416666666663,0.11165,-0.025483333333333327,0.2916666666666667,0.2916666666666667
heldout_test72,market_move_bin,small,gemma_recommended,3,0.3333333333333333,0.042166666666666665,0.04,0.0,0.0,0.0
heldout_test72,valid_candidate_count,3,gemma_recommended,6,0.5,0.29935,0.19849999999999995,-0.010266666666666683,0.5,0.5
heldout_test72,valid_candidate_count,5,gemma_recommended,43,0.3953488372093023,0.1689581395348837,0.1353999999999999,0.012055813953488367,0.3488372093023256,0.3488372093023256
heldout_test72,valid_candidate_count,4,gemma_recommended,4,0.25,0.14747499999999997,0.12405,-0.030325000000000005,0.5,0.5
heldout_test72,selected_explanation_class,source_credibility,gemma_recommended,35,0.34285714285714286,0.19281714285714283,0.1407,0.004279999999999995,0.4,0.4
heldout_test72,selected_explanation_class,base_rate_calibration,gemma_recommended,13,0.46153846153846156,0.18449230769230768,0.1475999999999999,6.923076923074666e-05,0.38461538461538464,0.38461538461538464
heldout_test72,selected_explanation_class,resolution_rule,gemma_recommended,7,0.5714285714285714,0.10778571428571422,0.1274999999999999,0.03110000000000001,0.2857142857142857,0.2857142857142857
heldout_test72,selected_explanation_class,causal_chain,gemma_recommended,24,0.3333333333333333,0.19924166666666662,0.13494999999999996,-0.008499999999999995,0.375,0.375
heldout_test72,selected_explanation_class,direct_resolution,gemma_recommended,13,0.46153846153846156,0.1934,0.1473,0.036799999999999986,0.5384615384615384,0.5384615384615384
heldout_test72,selected_explanation_class,trend_continuation,gemma_recommended,4,0.0,0.11049999999999995,0.10834999999999995,-0.02365,0.5,0.5
heldout_test72,selected_explanation_class,overreaction_correction,gemma_recommended,4,0.25,0.14870000000000003,0.12869999999999998,-0.011925000000000028,0.5,0.5
heldout_test72,selected_explanation_class,underreaction_correction,gemma_recommended,1,1.0,0.0465,0.0465,0.0,0.0,0.0
heldout_test72,selected_explanation_class,evidence_irrelevance,gemma_recommended,8,0.375,0.18606249999999996,0.17739999999999995,0.0,0.0,0.0
heldout_test72,selected_explanation_class,other,gemma_recommended,1,0.0,0.0786999999999999,0.0786999999999999,-0.0271,0.0,0.0
heldout_test72,category,Politics,first_candidate,45,0.4666666666666667,0.18017555555555553,0.1373,-0.0015555555555555594,0.4444444444444444,0.4444444444444444
heldout_test72,category,Elections,first_candidate,7,0.2857142857142857,0.1563285714285714,0.1475999999999999,0.059385714285714285,0.2857142857142857,0.2857142857142857
heldout_test72,category,Companies,first_candidate,9,0.1111111111111111,0.20129999999999992,0.1432999999999999,-0.02931111111111109,0.1111111111111111,0.1111111111111111
heldout_test72,category,Financials,first_candidate,1,1.0,0.0731,0.0731,0.035,1.0,1.0
heldout_test72,market_direction,down,first_candidate,27,0.18518518518518517,0.20834444444444442,0.1646,-0.040929629629629614,0.037037037037037035,0.037037037037037035
heldout_test72,market_direction,up,first_candidate,35,0.5714285714285714,0.15604857142857137,0.1167,0.03491428571428571,0.6571428571428571,0.6571428571428571
heldout_test72,market_move_bin,large,first_candidate,30,0.5333333333333333,0.25831,0.2380999999999999,0.024243333333333315,0.5333333333333333,0.5333333333333333
heldout_test72,market_move_bin,medium,first_candidate,29,0.27586206896551724,0.109351724137931,0.0986,-0.019668965517241364,0.27586206896551724,0.27586206896551724
heldout_test72,market_move_bin,small,first_candidate,3,0.3333333333333333,0.055499999999999994,0.0465,-0.013333333333333334,0.0,0.0
heldout_test72,valid_candidate_count,3,first_candidate,9,0.4444444444444444,0.2374444444444444,0.1486,-0.005555555555555565,0.4444444444444444,0.4444444444444444
heldout_test72,valid_candidate_count,5,first_candidate,43,0.3953488372093023,0.1692581395348837,0.1345,0.01175581395348837,0.3953488372093023,0.3953488372093023
heldout_test72,valid_candidate_count,4,first_candidate,7,0.2857142857142857,0.15299999999999997,0.0892999999999999,-0.017942857142857146,0.42857142857142855,0.42857142857142855
heldout_test72,valid_candidate_count,1,first_candidate,1,1.0,0.0562999999999999,0.0562999999999999,0.0,0.0,0.0
heldout_test72,valid_candidate_count,2,first_candidate,2,0.5,0.2723,0.2723,-0.10649999999999996,0.0,0.0
heldout_test72,selected_explanation_class,source_credibility,first_candidate,41,0.3170731707317073,0.1940682926829268,0.1407,0.003168292682926823,0.4146341463414634,0.4146341463414634
heldout_test72,selected_explanation_class,base_rate_calibration,first_candidate,18,0.3888888888888889,0.18836111111111106,0.1454499999999999,-0.0012611111111111167,0.4444444444444444,0.4444444444444444
heldout_test72,selected_explanation_class,resolution_rule,first_candidate,9,0.4444444444444444,0.1334555555555555,0.1274999999999999,0.0010333333333333553,0.3333333333333333,0.3333333333333333
heldout_test72,selected_explanation_class,causal_chain,first_candidate,26,0.34615384615384615,0.19260769230769229,0.13590000000000002,-0.0026576923076923075,0.46153846153846156,0.46153846153846156
heldout_test72,selected_explanation_class,direct_resolution,first_candidate,12,0.3333333333333333,0.22154166666666666,0.16679999999999995,0.014900000000000005,0.5,0.5
heldout_test72,selected_explanation_class,trend_continuation,first_candidate,6,0.0,0.17329999999999998,0.15394999999999995,-0.023166666666666638,0.16666666666666666,0.16666666666666666
heldout_test72,selected_explanation_class,overreaction_correction,first_candidate,4,0.25,0.14870000000000003,0.12869999999999998,-0.011925000000000028,0.5,0.5
heldout_test72,selected_explanation_class,underreaction_correction,first_candidate,1,1.0,0.0465,0.0465,0.0,0.0,0.0
heldout_test72,selected_explanation_class,evidence_irrelevance,first_candidate,8,0.875,0.12674999999999997,0.13979999999999998,0.0066499999999999875,0.125,0.125
heldout_test72,selected_explanation_class,market_microstructure,first_candidate,1,0.0,0.1287,0.1287,-0.0176999999999999,0.0,0.0
heldout_test72,selected_explanation_class,other,first_candidate,1,0.0,0.0786999999999999,0.0786999999999999,-0.0271,0.0,0.0
heldout_test72,category,Politics,max_confidence,45,0.4,0.1807822222222222,0.1345,-0.0021622222222222104,0.26666666666666666,0.26666666666666666
heldout_test72,category,Elections,max_confidence,7,0.42857142857142855,0.13625714285714285,0.1475999999999999,0.07945714285714282,0.2857142857142857,0.2857142857142857
heldout_test72,category,Companies,max_confidence,9,0.1111111111111111,0.20092222222222217,0.1432999999999999,-0.028933333333333325,0.0,0.0
heldout_test72,category,Financials,max_confidence,1,1.0,0.0731,0.0731,0.035,1.0,1.0
heldout_test72,market_direction,down,max_confidence,27,0.2222222222222222,0.2006703703703703,0.1646,-0.03325555555555554,0.037037037037037035,0.037037037037037035
heldout_test72,market_direction,up,max_confidence,35,0.4857142857142857,0.15863714285714284,0.11,0.032325714285714284,0.4,0.4
heldout_test72,market_move_bin,large,max_confidence,30,0.43333333333333335,0.2582833333333333,0.23664999999999994,0.024269999999999993,0.3,0.3
heldout_test72,market_move_bin,medium,max_confidence,29,0.3103448275862069,0.10673793103448273,0.0892999999999999,-0.017055172413793084,0.20689655172413793,0.20689655172413793
heldout_test72,market_move_bin,small,max_confidence,3,0.3333333333333333,0.042166666666666665,0.04,0.0,0.0,0.0
heldout_test72,valid_candidate_count,3,max_confidence,9,0.5555555555555556,0.2240333333333333,0.1486,0.007855555555555557,0.4444444444444444,0.4444444444444444
heldout_test72,valid_candidate_count,5,max_confidence,43,0.32558139534883723,0.16945348837209298,0.1345,0.01156046511627908,0.20930232558139536,0.20930232558139536
heldout_test72,valid_candidate_count,4,max_confidence,7,0.2857142857142857,0.15238571428571426,0.0892999999999999,-0.017328571428571433,0.2857142857142857,0.2857142857142857
heldout_test72,valid_candidate_count,1,max_confidence,1,1.0,0.0562999999999999,0.0562999999999999,0.0,0.0,0.0
heldout_test72,valid_candidate_count,2,max_confidence,2,0.5,0.2723,0.2723,-0.10649999999999996,0.0,0.0
heldout_test72,selected_explanation_class,source_credibility,max_confidence,29,0.4827586206896552,0.17720689655172414,0.1407,0.015268965517241386,0.41379310344827586,0.41379310344827586
heldout_test72,selected_explanation_class,base_rate_calibration,max_confidence,13,0.3076923076923077,0.15526153846153845,0.1407,-0.008838461538461536,0.23076923076923078,0.23076923076923078
heldout_test72,selected_explanation_class,resolution_rule,max_confidence,8,0.5,0.14076249999999996,0.13099999999999995,0.000587500000000022,0.25,0.25
heldout_test72,selected_explanation_class,causal_chain,max_confidence,19,0.42105263157894735,0.17289999999999994,0.1345,-0.0011789473684210357,0.47368421052631576,0.47368421052631576
heldout_test72,selected_explanation_class,direct_resolution,max_confidence,9,0.4444444444444444,0.20181111111111108,0.1900999999999999,0.026177777777777776,0.4444444444444444,0.4444444444444444
heldout_test72,selected_explanation_class,trend_continuation,max_confidence,4,0.0,0.11424999999999995,0.11584999999999995,-0.027399999999999973,0.25,0.25
heldout_test72,selected_explanation_class,overreaction_correction,max_confidence,3,0.3333333333333333,0.15936666666666668,0.1407,0.0012333333333332992,0.6666666666666666,0.6666666666666666
heldout_test72,selected_explanation_class,underreaction_correction,max_confidence,1,1.0,0.0465,0.0465,0.0,0.0,0.0
heldout_test72,selected_explanation_class,evidence_irrelevance,max_confidence,25,0.28,0.1855119999999999,0.1609,-1.1999999999996e-05,0.0,0.0
heldout_test72,selected_explanation_class,market_microstructure,max_confidence,1,0.0,0.1287,0.1287,-0.0176999999999999,0.0,0.0
heldout_test72,selected_explanation_class,other,max_confidence,1,0.0,0.0436999999999999,0.0436999999999999,0.0079,1.0,1.0
heldout_test72,category,Politics,max_posterior,45,0.6666666666666666,0.17641999999999997,0.1407,0.002199999999999992,0.4666666666666667,0.4666666666666667
heldout_test72,category,Elections,max_posterior,7,0.7142857142857143,0.14078571428571424,0.1475999999999999,0.07492857142857141,0.42857142857142855,0.42857142857142855
heldout_test72,category,Companies,max_posterior,9,0.3333333333333333,0.20796666666666663,0.1432999999999999,-0.03597777777777779,0.2222222222222222,0.2222222222222222
heldout_test72,category,Financials,max_posterior,1,1.0,0.0731,0.0731,0.035,1.0,1.0
heldout_test72,market_direction,down,max_posterior,27,0.14814814814814814,0.22215925925925925,0.1646,-0.05474444444444443,0.0,0.0
heldout_test72,market_direction,up,max_posterior,35,1.0,0.1391685714285714,0.1097,0.051794285714285675,0.7714285714285715,0.7714285714285715
heldout_test72,market_move_bin,large,max_posterior,30,0.7,0.25451666666666667,0.22494999999999993,0.02803666666666665,0.5,0.5
heldout_test72,market_move_bin,medium,max_posterior,29,0.5517241379310345,0.10593793103448271,0.1066,-0.016255172413793102,0.3793103448275862,0.3793103448275862
heldout_test72,market_move_bin,small,max_posterior,3,0.6666666666666666,0.05383333333333331,0.0465,-0.011666666666666665,0.3333333333333333,0.3333333333333333
heldout_test72,valid_candidate_count,3,max_posterior,9,0.6666666666666666,0.23199999999999996,0.1486,-0.00011111111111113203,0.5555555555555556,0.5555555555555556
heldout_test72,valid_candidate_count,5,max_posterior,43,0.6046511627906976,0.17047209302325578,0.1377,0.010541860465116274,0.4418604651162791,0.4418604651162791
heldout_test72,valid_candidate_count,4,max_posterior,7,0.5714285714285714,0.15185714285714283,0.0892999999999999,-0.01679999999999999,0.42857142857142855,0.42857142857142855
heldout_test72,valid_candidate_count,1,max_posterior,1,1.0,0.0562999999999999,0.0562999999999999,0.0,0.0,0.0
heldout_test72,valid_candidate_count,2,max_posterior,2,1.0,0.1658,0.1658,0.0,0.0,0.0
heldout_test72,selected_explanation_class,source_credibility,max_posterior,41,0.5853658536585366,0.1856341463414634,0.1407,0.006546341463414622,0.4878048780487805,0.4878048780487805
heldout_test72,selected_explanation_class,base_rate_calibration,max_posterior,20,0.5,0.18114499999999997,0.14199999999999996,-0.011870000000000006,0.45,0.45
heldout_test72,selected_explanation_class,resolution_rule,max_posterior,7,0.5714285714285714,0.10778571428571422,0.1274999999999999,0.03110000000000001,0.2857142857142857,0.2857142857142857
heldout_test72,selected_explanation_class,causal_chain,max_posterior,27,0.48148148148148145,0.19250370370370365,0.1353999999999999,-0.005644444444444442,0.4444444444444444,0.4444444444444444
heldout_test72,selected_explanation_class,direct_resolution,max_posterior,13,0.6923076923076923,0.1866076923076923,0.1473,0.04247692307692305,0.6153846153846154,0.6153846153846154
heldout_test72,selected_explanation_class,trend_continuation,max_posterior,6,0.3333333333333333,0.16629999999999992,0.15394999999999995,-0.01616666666666663,0.3333333333333333,0.3333333333333333
heldout_test72,selected_explanation_class,overreaction_correction,max_posterior,4,0.5,0.14075,0.12869999999999998,-0.003975000000000025,0.5,0.5
heldout_test72,selected_explanation_class,underreaction_correction,max_posterior,1,1.0,0.0465,0.0465,0.0,0.0,0.0
heldout_test72,selected_explanation_class,evidence_irrelevance,max_posterior,7,1.0,0.13408571428571425,0.1586,0.0,0.0,0.0
heldout_test72,selected_explanation_class,other,max_posterior,1,1.0,0.0386999999999999,0.0386999999999999,0.0129,1.0,1.0
heldout_test72,category,Politics,min_posterior,45,0.5111111111111111,0.1753844444444444,0.1335,0.003235555555555569,0.2222222222222222,0.2222222222222222
heldout_test72,category,Elections,min_posterior,7,0.5714285714285714,0.15245714285714282,0.1475999999999999,0.06325714285714285,0.42857142857142855,0.42857142857142855
heldout_test72,category,Companies,min_posterior,9,0.7777777777777778,0.15913333333333327,0.1034,0.012855555555555556,0.3333333333333333,0.3333333333333333
heldout_test72,category,Financials,min_posterior,1,0.0,0.1081,0.1081,0.0,0.0,0.0
heldout_test72,market_direction,down,min_posterior,27,1.0,0.1405111111111111,0.0945999999999999,0.026903703703703704,0.48148148148148145,0.48148148148148145
heldout_test72,market_direction,up,min_posterior,35,0.2,0.19159999999999996,0.1609,-0.0006371428571428436,0.08571428571428572,0.08571428571428572
heldout_test72,market_move_bin,large,min_posterior,30,0.43333333333333335,0.2588133333333333,0.20044999999999996,0.023740000000000004,0.3,0.3
heldout_test72,market_move_bin,medium,min_posterior,29,0.6551724137931034,0.08927241379310343,0.0892999999999999,0.0004103448275862172,0.20689655172413793,0.20689655172413793
heldout_test72,market_move_bin,small,min_posterior,3,0.6666666666666666,0.048833333333333305,0.0465,-0.006666666666666667,0.3333333333333333,0.3333333333333333
heldout_test72,valid_candidate_count,3,min_posterior,9,0.4444444444444444,0.2107,0.1886,0.021188888888888924,0.3333333333333333,0.3333333333333333
heldout_test72,valid_candidate_count,5,min_posterior,43,0.5813953488372093,0.1662348837209302,0.1262999999999999,0.014779069767441859,0.2558139534883721,0.2558139534883721
heldout_test72,valid_candidate_count,4,min_posterior,7,0.5714285714285714,0.12079999999999998,0.0945999999999999,0.014257142857142857,0.2857142857142857,0.2857142857142857
heldout_test72,valid_candidate_count,1,min_posterior,1,1.0,0.0562999999999999,0.0562999999999999,0.0,0.0,0.0
heldout_test72,valid_candidate_count,2,min_posterior,2,0.0,0.27675,0.27675,-0.11094999999999991,0.0,0.0
heldout_test72,selected_explanation_class,source_credibility,min_posterior,24,0.625,0.1525333333333333,0.10769999999999995,0.031016666666666675,0.375,0.375
heldout_test72,selected_explanation_class,base_rate_calibration,min_posterior,18,0.7222222222222222,0.13066111111111106,0.11385,0.01401111111111111,0.5,0.5
heldout_test72,selected_explanation_class,resolution_rule,min_posterior,3,0.6666666666666666,0.2027333333333333,0.1900999999999999,-0.07099999999999997,0.0,0.0
heldout_test72,selected_explanation_class,causal_chain,min_posterior,14,0.6428571428571429,0.16564285714285712,0.10609999999999994,0.024850000000000004,0.5714285714285714,0.5714285714285714
heldout_test72,selected_explanation_class,direct_resolution,min_posterior,7,0.5714285714285714,0.1815571428571428,0.1878,0.04415714285714285,0.42857142857142855,0.42857142857142855
heldout_test72,selected_explanation_class,trend_continuation,min_posterior,4,0.5,0.15354999999999996,0.11205000000000001,-0.01255,0.25,0.25
heldout_test72,selected_explanation_class,overreaction_correction,min_posterior,2,0.5,0.16829999999999995,0.16829999999999995,0.0213,0.5,0.5
heldout_test72,selected_explanation_class,underreaction_correction,min_posterior,1,1.0,0.0465,0.0465,0.0,0.0,0.0
heldout_test72,selected_explanation_class,evidence_irrelevance,min_posterior,30,0.4666666666666667,0.1832566666666666,0.1517,0.0007600000000000134,0.06666666666666667,0.06666666666666667
heldout_test72,selected_explanation_class,market_microstructure,min_posterior,3,0.6666666666666666,0.09053333333333334,0.0775,0.0094,0.6666666666666666,0.6666666666666666
heldout_test72,selected_explanation_class,other,min_posterior,1,0.0,0.0786999999999999,0.0786999999999999,-0.0271,0.0,0.0
heldout_test72,category,Politics,max_abs_update,45,0.6444444444444445,0.16799777777777777,0.1345,0.010622222222222219,0.4888888888888889,0.4888888888888889
heldout_test72,category,Elections,max_abs_update,7,0.5714285714285714,0.1472142857142857,0.1475999999999999,0.06849999999999999,0.2857142857142857,0.2857142857142857
heldout_test72,category,Companies,max_abs_update,9,0.4444444444444444,0.17907777777777772,0.1432999999999999,-0.0070888888888888885,0.3333333333333333,0.3333333333333333
heldout_test72,category,Financials,max_abs_update,1,1.0,0.0731,0.0731,0.035,1.0,1.0
heldout_test72,market_direction,down,max_abs_update,27,0.37037037037037035,0.18401481481481483,0.1473,-0.016599999999999972,0.2222222222222222,0.2222222222222222
heldout_test72,market_direction,up,max_abs_update,35,0.8,0.1516228571428571,0.118,0.03933999999999997,0.6285714285714286,0.6285714285714286
heldout_test72,market_move_bin,large,max_abs_update,30,0.7333333333333333,0.23357999999999998,0.18954999999999994,0.048973333333333334,0.6,0.6
heldout_test72,market_move_bin,medium,max_abs_update,29,0.5172413793103449,0.1055620689655172,0.1066,-0.015879310344827584,0.3448275862068966,0.3448275862068966
heldout_test72,market_move_bin,small,max_abs_update,3,0.3333333333333333,0.0688333333333333,0.0799999999999999,-0.026666666666666634,0.0,0.0
heldout_test72,valid_candidate_count,3,max_abs_update,9,0.6666666666666666,0.19633333333333336,0.1486,0.03555555555555554,0.5555555555555556,0.5555555555555556
heldout_test72,valid_candidate_count,5,max_abs_update,43,0.627906976744186,0.16361395348837204,0.1353999999999999,0.017399999999999995,0.46511627906976744,0.46511627906976744
heldout_test72,valid_candidate_count,4,max_abs_update,7,0.5714285714285714,0.12328571428571422,0.0892999999999999,0.011771428571428587,0.42857142857142855,0.42857142857142855
heldout_test72,valid_candidate_count,1,max_abs_update,1,1.0,0.0562999999999999,0.0562999999999999,0.0,0.0,0.0
heldout_test72,valid_candidate_count,2,max_abs_update,2,0.0,0.27675,0.27675,-0.11094999999999991,0.0,0.0
heldout_test72,selected_explanation_class,source_credibility,max_abs_update,39,0.6153846153846154,0.17554871794871793,0.1345,0.022279487179487176,0.5128205128205128,0.5128205128205128
heldout_test72,selected_explanation_class,base_rate_calibration,max_abs_update,21,0.5238095238095238,0.15102380952380948,0.1353999999999999,0.003785714285714297,0.47619047619047616,0.47619047619047616
heldout_test72,selected_explanation_class,resolution_rule,max_abs_update,8,0.5,0.14076249999999996,0.13099999999999995,0.000587500000000022,0.25,0.25
heldout_test72,selected_explanation_class,causal_chain,max_abs_update,26,0.5384615384615384,0.17491153846153842,0.134,0.017092307692307695,0.5,0.5
heldout_test72,selected_explanation_class,direct_resolution,max_abs_update,14,0.6428571428571429,0.19982142857142857,0.15365,0.024228571428571412,0.5714285714285714,0.5714285714285714
heldout_test72,selected_explanation_class,trend_continuation,max_abs_update,6,0.3333333333333333,0.16629999999999992,0.15394999999999995,-0.01616666666666663,0.3333333333333333,0.3333333333333333
heldout_test72,selected_explanation_class,overreaction_correction,max_abs_update,3,0.6666666666666666,0.13319999999999996,0.1167,0.014966666666666633,0.6666666666666666,0.6666666666666666
heldout_test72,selected_explanation_class,underreaction_correction,max_abs_update,1,1.0,0.0465,0.0465,0.0,0.0,0.0
heldout_test72,selected_explanation_class,evidence_irrelevance,max_abs_update,7,0.8571428571428571,0.11698571428571425,0.1066,0.002028571428571443,0.14285714285714285,0.14285714285714285
heldout_test72,selected_explanation_class,market_microstructure,max_abs_update,1,0.0,0.1287,0.1287,-0.0176999999999999,0.0,0.0
heldout_test72,selected_explanation_class,other,max_abs_update,1,0.0,0.0786999999999999,0.0786999999999999,-0.0271,0.0,0.0
heldout_test72,category,Politics,min_abs_update,45,0.4,0.17879999999999996,0.1425,-0.00017999999999999324,0.13333333333333333,0.13333333333333333
heldout_test72,category,Elections,min_abs_update,7,0.2857142857142857,0.1508142857142857,0.1475999999999999,0.0649,0.14285714285714285,0.14285714285714285
heldout_test72,category,Companies,min_abs_update,9,0.4444444444444444,0.1681444444444444,0.0932999999999999,0.003844444444444445,0.3333333333333333,0.3333333333333333
heldout_test72,category,Financials,min_abs_update,1,0.0,0.1081,0.1081,0.0,0.0,0.0
heldout_test72,market_direction,down,min_abs_update,27,0.5185185185185185,0.16852222222222213,0.1072999999999999,-0.0011074074074073962,0.14814814814814814,0.14814814814814814
heldout_test72,market_direction,up,min_abs_update,35,0.2857142857142857,0.17637142857142854,0.1586,0.01459142857142857,0.17142857142857143,0.17142857142857143
heldout_test72,market_move_bin,large,min_abs_update,30,0.3,0.2673,0.23829999999999996,0.015253333333333341,0.16666666666666666,0.16666666666666666
heldout_test72,market_move_bin,medium,min_abs_update,29,0.4827586206896552,0.08888275862068964,0.0907999999999999,0.0008000000000000035,0.1724137931034483,0.1724137931034483
heldout_test72,market_move_bin,small,min_abs_update,3,0.3333333333333333,0.042166666666666665,0.04,0.0,0.0,0.0
heldout_test72,valid_candidate_count,3,min_abs_update,9,0.3333333333333333,0.2298444444444444,0.1886,0.0020444444444444663,0.3333333333333333,0.3333333333333333
heldout_test72,valid_candidate_count,5,min_abs_update,43,0.37209302325581395,0.16906744186046507,0.1262999999999999,0.011946511627906978,0.13953488372093023,0.13953488372093023
heldout_test72,valid_candidate_count,4,min_abs_update,7,0.2857142857142857,0.14238571428571425,0.0945999999999999,-0.007328571428571414,0.14285714285714285,0.14285714285714285
heldout_test72,valid_candidate_count,1,min_abs_update,1,1.0,0.0562999999999999,0.0562999999999999,0.0,0.0,0.0
heldout_test72,valid_candidate_count,2,min_abs_update,2,1.0,0.1658,0.1658,0.0,0.0,0.0
heldout_test72,selected_explanation_class,source_credibility,min_abs_update,18,0.5555555555555556,0.14885555555555552,0.1124,0.02305555555555557,0.3333333333333333,0.3333333333333333
heldout_test72,selected_explanation_class,base_rate_calibration,min_abs_update,16,0.3125,0.17818124999999996,0.10955000000000001,0.0029437499999999998,0.3125,0.3125
heldout_test72,selected_explanation_class,resolution_rule,min_abs_update,3,0.6666666666666666,0.11239999999999996,0.1006,0.0,0.0,0.0
heldout_test72,selected_explanation_class,causal_chain,min_abs_update,11,0.2727272727272727,0.19410909090909084,0.1006,0.0013818181818181724,0.5454545454545454,0.5454545454545454
heldout_test72,selected_explanation_class,direct_resolution,min_abs_update,5,0.6,0.16677999999999998,0.1878,0.09985999999999999,0.4,0.4
heldout_test72,selected_explanation_class,trend_continuation,min_abs_update,3,0.3333333333333333,0.0891333333333333,0.0932999999999999,-0.0037666666666666335,0.3333333333333333,0.3333333333333333
heldout_test72,selected_explanation_class,overreaction_correction,min_abs_update,2,0.0,0.18329999999999994,0.18329999999999994,0.0063,0.5,0.5
heldout_test72,selected_explanation_class,underreaction_correction,min_abs_update,1,1.0,0.0465,0.0465,0.0,0.0,0.0
heldout_test72,selected_explanation_class,evidence_irrelevance,min_abs_update,38,0.3684210526315789,0.1767447368421052,0.15055,-0.001173684210526305,0.0,0.0
heldout_test72,selected_explanation_class,market_microstructure,min_abs_update,2,0.0,0.1929,0.1929,0.02394999999999995,0.5,0.5
heldout_test72,category,Politics,max_positive_update,45,0.6666666666666666,0.17641999999999997,0.1407,0.002199999999999992,0.4666666666666667,0.4666666666666667
heldout_test72,category,Elections,max_positive_update,7,0.7142857142857143,0.14078571428571424,0.1475999999999999,0.07492857142857141,0.42857142857142855,0.42857142857142855
heldout_test72,category,Companies,max_positive_update,9,0.3333333333333333,0.20796666666666663,0.1432999999999999,-0.03597777777777779,0.2222222222222222,0.2222222222222222
heldout_test72,category,Financials,max_positive_update,1,1.0,0.0731,0.0731,0.035,1.0,1.0
heldout_test72,market_direction,down,max_positive_update,27,0.14814814814814814,0.22215925925925925,0.1646,-0.05474444444444443,0.0,0.0
heldout_test72,market_direction,up,max_positive_update,35,1.0,0.1391685714285714,0.1097,0.051794285714285675,0.7714285714285715,0.7714285714285715
heldout_test72,market_move_bin,large,max_positive_update,30,0.7,0.25451666666666667,0.22494999999999993,0.02803666666666665,0.5,0.5
heldout_test72,market_move_bin,medium,max_positive_update,29,0.5517241379310345,0.10593793103448271,0.1066,-0.016255172413793102,0.3793103448275862,0.3793103448275862
heldout_test72,market_move_bin,small,max_positive_update,3,0.6666666666666666,0.05383333333333331,0.0465,-0.011666666666666665,0.3333333333333333,0.3333333333333333
heldout_test72,valid_candidate_count,3,max_positive_update,9,0.6666666666666666,0.23199999999999996,0.1486,-0.00011111111111113203,0.5555555555555556,0.5555555555555556
heldout_test72,valid_candidate_count,5,max_positive_update,43,0.6046511627906976,0.17047209302325578,0.1377,0.010541860465116274,0.4418604651162791,0.4418604651162791
heldout_test72,valid_candidate_count,4,max_positive_update,7,0.5714285714285714,0.15185714285714283,0.0892999999999999,-0.01679999999999999,0.42857142857142855,0.42857142857142855
heldout_test72,valid_candidate_count,1,max_positive_update,1,1.0,0.0562999999999999,0.0562999999999999,0.0,0.0,0.0
heldout_test72,valid_candidate_count,2,max_positive_update,2,1.0,0.1658,0.1658,0.0,0.0,0.0
heldout_test72,selected_explanation_class,source_credibility,max_positive_update,41,0.5853658536585366,0.1856341463414634,0.1407,0.006546341463414622,0.4878048780487805,0.4878048780487805
heldout_test72,selected_explanation_class,base_rate_calibration,max_positive_update,20,0.5,0.18114499999999997,0.14199999999999996,-0.011870000000000006,0.45,0.45
heldout_test72,selected_explanation_class,resolution_rule,max_positive_update,7,0.5714285714285714,0.10778571428571422,0.1274999999999999,0.03110000000000001,0.2857142857142857,0.2857142857142857
heldout_test72,selected_explanation_class,causal_chain,max_positive_update,27,0.48148148148148145,0.19250370370370365,0.1353999999999999,-0.005644444444444442,0.4444444444444444,0.4444444444444444
heldout_test72,selected_explanation_class,direct_resolution,max_positive_update,13,0.6923076923076923,0.1866076923076923,0.1473,0.04247692307692305,0.6153846153846154,0.6153846153846154
heldout_test72,selected_explanation_class,trend_continuation,max_positive_update,6,0.3333333333333333,0.16629999999999992,0.15394999999999995,-0.01616666666666663,0.3333333333333333,0.3333333333333333
heldout_test72,selected_explanation_class,overreaction_correction,max_positive_update,4,0.5,0.14075,0.12869999999999998,-0.003975000000000025,0.5,0.5
heldout_test72,selected_explanation_class,underreaction_correction,max_positive_update,1,1.0,0.0465,0.0465,0.0,0.0,0.0
heldout_test72,selected_explanation_class,evidence_irrelevance,max_positive_update,7,1.0,0.13408571428571425,0.1586,0.0,0.0,0.0
heldout_test72,selected_explanation_class,other,max_positive_update,1,1.0,0.0386999999999999,0.0386999999999999,0.0129,1.0,1.0
heldout_test72,category,Politics,max_negative_update,45,0.5111111111111111,0.1753844444444444,0.1335,0.003235555555555569,0.2222222222222222,0.2222222222222222
heldout_test72,category,Elections,max_negative_update,7,0.5714285714285714,0.15245714285714282,0.1475999999999999,0.06325714285714285,0.42857142857142855,0.42857142857142855
heldout_test72,category,Companies,max_negative_update,9,0.7777777777777778,0.15913333333333327,0.1034,0.012855555555555556,0.3333333333333333,0.3333333333333333
heldout_test72,category,Financials,max_negative_update,1,0.0,0.1081,0.1081,0.0,0.0,0.0
heldout_test72,market_direction,down,max_negative_update,27,1.0,0.1405111111111111,0.0945999999999999,0.026903703703703704,0.48148148148148145,0.48148148148148145
heldout_test72,market_direction,up,max_negative_update,35,0.2,0.19159999999999996,0.1609,-0.0006371428571428436,0.08571428571428572,0.08571428571428572
heldout_test72,market_move_bin,large,max_negative_update,30,0.43333333333333335,0.2588133333333333,0.20044999999999996,0.023740000000000004,0.3,0.3
heldout_test72,market_move_bin,medium,max_negative_update,29,0.6551724137931034,0.08927241379310343,0.0892999999999999,0.0004103448275862172,0.20689655172413793,0.20689655172413793
heldout_test72,market_move_bin,small,max_negative_update,3,0.6666666666666666,0.048833333333333305,0.0465,-0.006666666666666667,0.3333333333333333,0.3333333333333333
heldout_test72,valid_candidate_count,3,max_negative_update,9,0.4444444444444444,0.2107,0.1886,0.021188888888888924,0.3333333333333333,0.3333333333333333
heldout_test72,valid_candidate_count,5,max_negative_update,43,0.5813953488372093,0.1662348837209302,0.1262999999999999,0.014779069767441859,0.2558139534883721,0.2558139534883721
heldout_test72,valid_candidate_count,4,max_negative_update,7,0.5714285714285714,0.12079999999999998,0.0945999999999999,0.014257142857142857,0.2857142857142857,0.2857142857142857
heldout_test72,valid_candidate_count,1,max_negative_update,1,1.0,0.0562999999999999,0.0562999999999999,0.0,0.0,0.0
heldout_test72,valid_candidate_count,2,max_negative_update,2,0.0,0.27675,0.27675,-0.11094999999999991,0.0,0.0
heldout_test72,selected_explanation_class,source_credibility,max_negative_update,24,0.625,0.1525333333333333,0.10769999999999995,0.031016666666666675,0.375,0.375
heldout_test72,selected_explanation_class,base_rate_calibration,max_negative_update,18,0.7222222222222222,0.13066111111111106,0.11385,0.01401111111111111,0.5,0.5
heldout_test72,selected_explanation_class,resolution_rule,max_negative_update,3,0.6666666666666666,0.2027333333333333,0.1900999999999999,-0.07099999999999997,0.0,0.0
heldout_test72,selected_explanation_class,causal_chain,max_negative_update,14,0.6428571428571429,0.16564285714285712,0.10609999999999994,0.024850000000000004,0.5714285714285714,0.5714285714285714
heldout_test72,selected_explanation_class,direct_resolution,max_negative_update,7,0.5714285714285714,0.1815571428571428,0.1878,0.04415714285714285,0.42857142857142855,0.42857142857142855
heldout_test72,selected_explanation_class,trend_continuation,max_negative_update,4,0.5,0.15354999999999996,0.11205000000000001,-0.01255,0.25,0.25
heldout_test72,selected_explanation_class,overreaction_correction,max_negative_update,2,0.5,0.16829999999999995,0.16829999999999995,0.0213,0.5,0.5
heldout_test72,selected_explanation_class,underreaction_correction,max_negative_update,1,1.0,0.0465,0.0465,0.0,0.0,0.0
heldout_test72,selected_explanation_class,evidence_irrelevance,max_negative_update,30,0.4666666666666667,0.1832566666666666,0.1517,0.0007600000000000134,0.06666666666666667,0.06666666666666667
heldout_test72,selected_explanation_class,market_microstructure,max_negative_update,3,0.6666666666666666,0.09053333333333334,0.0775,0.0094,0.6666666666666666,0.6666666666666666
heldout_test72,selected_explanation_class,other,max_negative_update,1,0.0,0.0786999999999999,0.0786999999999999,-0.0271,0.0,0.0
heldout_test72,category,Politics,max_selected_evidence_count,45,0.4888888888888889,0.17547555555555552,0.1345,0.0031444444444444423,0.4222222222222222,0.4222222222222222
heldout_test72,category,Elections,max_selected_evidence_count,7,0.42857142857142855,0.15749999999999995,0.1475999999999999,0.05821428571428573,0.2857142857142857,0.2857142857142857
heldout_test72,category,Companies,max_selected_evidence_count,9,0.1111111111111111,0.2029666666666666,0.1432999999999999,-0.030977777777777746,0.1111111111111111,0.1111111111111111
heldout_test72,category,Financials,max_selected_evidence_count,1,1.0,0.0731,0.0731,0.035,1.0,1.0
heldout_test72,market_direction,down,max_selected_evidence_count,27,0.2222222222222222,0.20297407407407406,0.1432999999999999,-0.03555925925925923,0.037037037037037035,0.037037037037037035
heldout_test72,market_direction,up,max_selected_evidence_count,35,0.6,0.15481142857142852,0.1167,0.03615142857142857,0.6285714285714286,0.6285714285714286
heldout_test72,market_move_bin,large,max_selected_evidence_count,30,0.5666666666666667,0.2517,0.20609999999999995,0.030853333333333326,0.5,0.5
heldout_test72,market_move_bin,medium,max_selected_evidence_count,29,0.3103448275862069,0.1083172413793103,0.0986,-0.018634482758620674,0.27586206896551724,0.27586206896551724
heldout_test72,market_move_bin,small,max_selected_evidence_count,3,0.3333333333333333,0.0688333333333333,0.0799999999999999,-0.026666666666666634,0.0,0.0
heldout_test72,valid_candidate_count,3,max_selected_evidence_count,9,0.5555555555555556,0.23411111111111108,0.1486,-0.0022222222222222313,0.4444444444444444,0.4444444444444444
heldout_test72,valid_candidate_count,5,max_selected_evidence_count,43,0.3953488372093023,0.17104186046511627,0.1345,0.009972093023255814,0.3488372093023256,0.3488372093023256
heldout_test72,valid_candidate_count,4,max_selected_evidence_count,7,0.42857142857142855,0.11942857142857137,0.0835,0.015628571428571443,0.5714285714285714,0.5714285714285714
heldout_test72,valid_candidate_count,1,max_selected_evidence_count,1,1.0,0.0562999999999999,0.0562999999999999,0.0,0.0,0.0
heldout_test72,valid_candidate_count,2,max_selected_evidence_count,2,0.5,0.2723,0.2723,-0.10649999999999996,0.0,0.0
heldout_test72,selected_explanation_class,source_credibility,max_selected_evidence_count,41,0.3902439024390244,0.1813853658536585,0.1373,0.007978048780487803,0.3902439024390244,0.3902439024390244
heldout_test72,selected_explanation_class,base_rate_calibration,max_selected_evidence_count,18,0.3333333333333333,0.18286111111111106,0.14199999999999996,-0.007272222222222211,0.3888888888888889,0.3888888888888889
heldout_test72,selected_explanation_class,resolution_rule,max_selected_evidence_count,9,0.4444444444444444,0.1334555555555555,0.1274999999999999,0.0010333333333333553,0.3333333333333333,0.3333333333333333
heldout_test72,selected_explanation_class,causal_chain,max_selected_evidence_count,25,0.44,0.17051999999999995,0.1274999999999999,0.008624,0.48,0.48
heldout_test72,selected_explanation_class,direct_resolution,max_selected_evidence_count,13,0.5384615384615384,0.17728461538461537,0.1435,0.017800000000000003,0.46153846153846156,0.46153846153846156
heldout_test72,selected_explanation_class,trend_continuation,max_selected_evidence_count,6,0.0,0.17579999999999996,0.15394999999999995,-0.02566666666666662,0.16666666666666666,0.16666666666666666
heldout_test72,selected_explanation_class,overreaction_correction,max_selected_evidence_count,4,0.5,0.14075,0.12869999999999998,-0.003975000000000025,0.5,0.5
heldout_test72,selected_explanation_class,underreaction_correction,max_selected_evidence_count,1,1.0,0.0465,0.0465,0.0,0.0,0.0
heldout_test72,selected_explanation_class,evidence_irrelevance,max_selected_evidence_count,7,0.7142857142857143,0.18849999999999995,0.173,0.0,0.0,0.0
heldout_test72,selected_explanation_class,market_microstructure,max_selected_evidence_count,1,0.0,0.1287,0.1287,-0.0176999999999999,0.0,0.0
heldout_test72,selected_explanation_class,other,max_selected_evidence_count,1,0.0,0.0786999999999999,0.0786999999999999,-0.0271,0.0,0.0
heldout_test72,category,Politics,max_evidence_weights_count,45,0.4888888888888889,0.1750644444444444,0.1345,0.0035555555555555514,0.4444444444444444,0.4444444444444444
heldout_test72,category,Elections,max_evidence_weights_count,7,0.42857142857142855,0.15749999999999995,0.1475999999999999,0.05821428571428573,0.2857142857142857,0.2857142857142857
heldout_test72,category,Companies,max_evidence_weights_count,9,0.1111111111111111,0.2051888888888888,0.1432999999999999,-0.03319999999999997,0.1111111111111111,0.1111111111111111
heldout_test72,category,Financials,max_evidence_weights_count,1,1.0,0.0731,0.0731,0.035,1.0,1.0
heldout_test72,market_direction,down,max_evidence_weights_count,27,0.2222222222222222,0.20297407407407406,0.1432999999999999,-0.03555925925925923,0.037037037037037035,0.037037037037037035
heldout_test72,market_direction,up,max_evidence_weights_count,35,0.6,0.15485428571428567,0.1167,0.03610857142857142,0.6571428571428571,0.6571428571428571
heldout_test72,market_move_bin,large,max_evidence_weights_count,30,0.5666666666666667,0.25175000000000003,0.21104999999999996,0.030803333333333332,0.5333333333333333,0.5333333333333333
heldout_test72,market_move_bin,medium,max_evidence_weights_count,29,0.3103448275862069,0.1083172413793103,0.0986,-0.018634482758620674,0.27586206896551724,0.27586206896551724
heldout_test72,market_move_bin,small,max_evidence_weights_count,3,0.3333333333333333,0.0688333333333333,0.0799999999999999,-0.026666666666666634,0.0,0.0
heldout_test72,valid_candidate_count,3,max_evidence_weights_count,9,0.5555555555555556,0.23411111111111108,0.1486,-0.0022222222222222313,0.4444444444444444,0.4444444444444444
heldout_test72,valid_candidate_count,5,max_evidence_weights_count,43,0.3953488372093023,0.17107674418604646,0.1345,0.00993720930232558,0.37209302325581395,0.37209302325581395
heldout_test72,valid_candidate_count,4,max_evidence_weights_count,7,0.42857142857142855,0.11942857142857137,0.0835,0.015628571428571443,0.5714285714285714,0.5714285714285714
heldout_test72,valid_candidate_count,1,max_evidence_weights_count,1,1.0,0.0562999999999999,0.0562999999999999,0.0,0.0,0.0
heldout_test72,valid_candidate_count,2,max_evidence_weights_count,2,0.5,0.2723,0.2723,-0.10649999999999996,0.0,0.0
heldout_test72,selected_explanation_class,source_credibility,max_evidence_weights_count,42,0.38095238095238093,0.189947619047619,0.139,0.007752380952380948,0.40476190476190477,0.40476190476190477
heldout_test72,selected_explanation_class,base_rate_calibration,max_evidence_weights_count,18,0.3333333333333333,0.18286111111111106,0.14199999999999996,-0.007272222222222211,0.3888888888888889,0.3888888888888889
heldout_test72,selected_explanation_class,resolution_rule,max_evidence_weights_count,9,0.4444444444444444,0.1334555555555555,0.1274999999999999,0.0010333333333333553,0.3333333333333333,0.3333333333333333
heldout_test72,selected_explanation_class,causal_chain,max_evidence_weights_count,26,0.4230769230769231,0.18476923076923074,0.13099999999999995,0.00823461538461538,0.5,0.5
heldout_test72,selected_explanation_class,direct_resolution,max_evidence_weights_count,14,0.5,0.20183571428571428,0.16565,0.01785,0.5,0.5
heldout_test72,selected_explanation_class,trend_continuation,max_evidence_weights_count,6,0.0,0.17579999999999996,0.15394999999999995,-0.02566666666666662,0.16666666666666666,0.16666666666666666
heldout_test72,selected_explanation_class,overreaction_correction,max_evidence_weights_count,4,0.5,0.14075,0.12869999999999998,-0.003975000000000025,0.5,0.5
heldout_test72,selected_explanation_class,underreaction_correction,max_evidence_weights_count,1,1.0,0.0465,0.0465,0.0,0.0,0.0
heldout_test72,selected_explanation_class,evidence_irrelevance,max_evidence_weights_count,6,0.8333333333333334,0.12999999999999998,0.13979999999999998,0.0,0.0,0.0
heldout_test72,selected_explanation_class,market_microstructure,max_evidence_weights_count,1,0.0,0.1287,0.1287,-0.0176999999999999,0.0,0.0
heldout_test72,selected_explanation_class,other,max_evidence_weights_count,1,0.0,0.0786999999999999,0.0786999999999999,-0.0271,0.0,0.0
heldout_test72,category,Politics,oracle_best_candidate,45,1.0,0.14172888888888885,0.1072999999999999,0.03689111111111109,0.6444444444444445,0.6444444444444445
heldout_test72,category,Elections,oracle_best_candidate,7,1.0,0.12692857142857136,0.1475999999999999,0.08878571428571425,0.7142857142857143,0.7142857142857143
heldout_test72,category,Companies,oracle_best_candidate,9,1.0,0.1472555555555555,0.0932999999999999,0.024733333333333322,0.5555555555555556,0.5555555555555556
heldout_test72,category,Financials,oracle_best_candidate,1,1.0,0.0731,0.0731,0.035,1.0,1.0
heldout_test72,market_direction,down,oracle_best_candidate,27,1.0,0.1405111111111111,0.0945999999999999,0.026903703703703704,0.48148148148148145,0.48148148148148145
heldout_test72,market_direction,up,oracle_best_candidate,35,1.0,0.1391685714285714,0.1097,0.051794285714285675,0.7714285714285715,0.7714285714285715
heldout_test72,market_move_bin,large,oracle_best_candidate,30,1.0,0.21278333333333335,0.1863,0.06976999999999996,0.7333333333333333,0.7333333333333333
heldout_test72,market_move_bin,medium,oracle_best_candidate,29,1.0,0.07516206896551719,0.0658999999999999,0.014520689655172411,0.5517241379310345,0.5517241379310345
heldout_test72,market_move_bin,small,oracle_best_candidate,3,1.0,0.0338333333333333,0.035,0.0083333333333333,0.6666666666666666,0.6666666666666666
heldout_test72,valid_candidate_count,3,oracle_best_candidate,9,1.0,0.182,0.1486,0.04988888888888888,0.7777777777777778,0.7777777777777778
heldout_test72,valid_candidate_count,5,oracle_best_candidate,43,1.0,0.1379255813953488,0.1066,0.04308837209302323,0.6511627906976745,0.6511627906976745
heldout_test72,valid_candidate_count,4,oracle_best_candidate,7,1.0,0.10114285714285708,0.0835,0.033914285714285716,0.7142857142857143,0.7142857142857143
heldout_test72,valid_candidate_count,1,oracle_best_candidate,1,1.0,0.0562999999999999,0.0562999999999999,0.0,0.0,0.0
heldout_test72,valid_candidate_count,2,oracle_best_candidate,2,1.0,0.1658,0.1658,0.0,0.0,0.0
heldout_test72,selected_explanation_class,source_credibility,oracle_best_candidate,34,1.0,0.14762647058823522,0.10694999999999995,0.05442352941176468,0.7647058823529411,0.7647058823529411
heldout_test72,selected_explanation_class,base_rate_calibration,oracle_best_candidate,21,1.0,0.1312571428571428,0.1097,0.029495238095238078,0.8095238095238095,0.8095238095238095
heldout_test72,selected_explanation_class,resolution_rule,oracle_best_candidate,4,1.0,0.08197499999999992,0.05474999999999995,0.09947500000000001,0.5,0.5
heldout_test72,selected_explanation_class,causal_chain,oracle_best_candidate,21,1.0,0.15357619047619048,0.0775,0.06064761904761903,0.9047619047619048,0.9047619047619048
heldout_test72,selected_explanation_class,direct_resolution,oracle_best_candidate,11,1.0,0.15274545454545452,0.1435,0.08559999999999994,0.8181818181818182,0.8181818181818182
heldout_test72,selected_explanation_class,trend_continuation,oracle_best_candidate,4,1.0,0.11854999999999992,0.0683499999999999,0.02245,0.75,0.75
heldout_test72,selected_explanation_class,overreaction_correction,oracle_best_candidate,3,1.0,0.1221333333333333,0.0835,0.03846666666666663,1.0,1.0
heldout_test72,selected_explanation_class,underreaction_correction,oracle_best_candidate,1,1.0,0.0465,0.0465,0.0,0.0,0.0
heldout_test72,selected_explanation_class,evidence_irrelevance,oracle_best_candidate,16,1.0,0.13141874999999997,0.11344999999999994,0.0027437500000000127,0.125,0.125
heldout_test72,selected_explanation_class,market_microstructure,oracle_best_candidate,2,1.0,0.07145,0.07145,0.02294999999999995,1.0,1.0
heldout_test72,selected_explanation_class,other,oracle_best_candidate,1,1.0,0.0386999999999999,0.0386999999999999,0.0129,1.0,1.0
heldout_test72,category,Politics,core_relative_logit,45,0.6,0.16451999999999997,0.1335,0.014099999999999994,0.4888888888888889,0.4888888888888889
heldout_test72,category,Elections,core_relative_logit,7,0.42857142857142855,0.14318571428571425,0.1475999999999999,0.07252857142857143,0.42857142857142855,0.42857142857142855
heldout_test72,category,Companies,core_relative_logit,9,0.3333333333333333,0.17857777777777772,0.1432999999999999,-0.006588888888888877,0.2222222222222222,0.2222222222222222
heldout_test72,category,Financials,core_relative_logit,1,0.0,0.0781,0.0781,0.03,1.0,1.0
heldout_test72,market_direction,down,core_relative_logit,27,0.5185185185185185,0.16914814814814813,0.1473,-0.0017333333333333202,0.37037037037037035,0.37037037037037035
heldout_test72,market_direction,up,core_relative_logit,35,0.5428571428571428,0.15782857142857137,0.1207,0.0331342857142857,0.5142857142857142,0.5142857142857142
heldout_test72,market_move_bin,large,core_relative_logit,30,0.6333333333333333,0.23298666666666668,0.19204999999999994,0.04956666666666667,0.5333333333333333,0.5333333333333333
heldout_test72,market_move_bin,medium,core_relative_logit,29,0.41379310344827586,0.10189310344827583,0.0892999999999999,-0.01221034482758621,0.3793103448275862,0.3793103448275862
heldout_test72,market_move_bin,small,core_relative_logit,3,0.6666666666666666,0.048833333333333305,0.0465,-0.006666666666666667,0.3333333333333333,0.3333333333333333
heldout_test72,valid_candidate_count,3,core_relative_logit,9,0.6666666666666666,0.19633333333333336,0.1486,0.03555555555555554,0.5555555555555556,0.5555555555555556
heldout_test72,valid_candidate_count,5,core_relative_logit,43,0.5348837209302325,0.15746976744186042,0.1345,0.023544186046511616,0.4883720930232558,0.4883720930232558
heldout_test72,valid_candidate_count,4,core_relative_logit,7,0.42857142857142855,0.1347142857142857,0.1207,0.0003428571428571592,0.2857142857142857,0.2857142857142857
heldout_test72,valid_candidate_count,1,core_relative_logit,1,1.0,0.0562999999999999,0.0562999999999999,0.0,0.0,0.0
heldout_test72,valid_candidate_count,2,core_relative_logit,2,0.0,0.27675,0.27675,-0.11094999999999991,0.0,0.0
heldout_test72,selected_explanation_class,source_credibility,core_relative_logit,34,0.5294117647058824,0.16172647058823525,0.12625,0.029023529411764698,0.5588235294117647,0.5588235294117647
heldout_test72,selected_explanation_class,base_rate_calibration,core_relative_logit,21,0.42857142857142855,0.14645238095238092,0.1335,0.010276190476190475,0.5238095238095238,0.5238095238095238
heldout_test72,selected_explanation_class,resolution_rule,core_relative_logit,7,0.5714285714285714,0.14265714285714282,0.1345,0.00451428571428573,0.2857142857142857,0.2857142857142857
heldout_test72,selected_explanation_class,causal_chain,core_relative_logit,21,0.6190476190476191,0.14647619047619043,0.0988999999999999,0.03067142857142857,0.5714285714285714,0.5714285714285714
heldout_test72,selected_explanation_class,direct_resolution,core_relative_logit,12,0.4166666666666667,0.18069166666666667,0.14539999999999997,0.018499999999999985,0.5,0.5
heldout_test72,selected_explanation_class,trend_continuation,core_relative_logit,6,0.16666666666666666,0.17963333333333328,0.15394999999999995,-0.029499999999999967,0.16666666666666666,0.16666666666666666
heldout_test72,selected_explanation_class,overreaction_correction,core_relative_logit,2,0.5,0.15734999999999996,0.15734999999999996,0.032249999999999945,1.0,1.0
heldout_test72,selected_explanation_class,underreaction_correction,core_relative_logit,1,1.0,0.0465,0.0465,0.0,0.0,0.0
heldout_test72,selected_explanation_class,evidence_irrelevance,core_relative_logit,14,0.5,0.1628928571428571,0.13994999999999996,0.006957142857142857,0.21428571428571427,0.21428571428571427
heldout_test72,selected_explanation_class,market_microstructure,core_relative_logit,2,0.5,0.1031,0.1031,0.0027000000000000496,0.5,0.5
heldout_test72,selected_explanation_class,other,core_relative_logit,1,0.0,0.0786999999999999,0.0786999999999999,-0.0271,0.0,0.0
